first_name,last_name,email,phone_number,company
Taylor,,taylor.johnson223@win.com,(353) 320-2901,Win Beyond Inc.
Bridget,,bridget.martinez445@outlook.com,(641) 811-2889,Care May Inc.
Michael,,michael.jackson45@movie.com,(439) 191-9900,Movie Single Group
Cheryl,,cheryl.archer7224@outlook.com,(898) 596-2471,Present Health Technologies
Kimberly,,kimberly.robinson07@gmail.com,(156) 643-3993,Already Power LLC
Omar,,omar.duran912@we.com,(289) 572-4427,We Drop Solutions
Darlene,,darlene.thompson9192@gmail.com,(225) 303-8989,Hot Clearly Inc.
Jordan,,jordan.parker986@civil.com,(893) 294-7233,Civil Type Group
Tony,,tony.miller484@yahoo.com,(843) 460-2674,Performance Bring Corp.
Emily,,emily.hill1978@mention.com,(684) 362-5426,Mention Real LLC
Holly,,holly.velazquez56@upon.com,(801) 655-5401,Upon Despite Group
William,,adrienne.nguyen10@more.com,(710) 597-5879,Onto Event Solutions
Adrienne,,adrienne.nguyen10@more.com,(949) 933-7106,More These Inc.
Mark,,mark.kirby54@six.com,(323) 489-8985,Six Argue Technologies
Nicole,,nicole.guzman600@then.com,(621) 451-6273,Then Camera Group
Richard,,richard.green970@hotmail.com,(463) 625-5747,Test Full Technologies
Corey,,corey.jackson2908@hard.com,(678) 792-5256,Hard Order Technologies
Catherine,,catherine.clarke055@gmail.com,(424) 125-4516,Church Material Solutions
Lori,,lori.burns446@hotmail.com,(303) 205-3253,Cup But Inc.
Tamara,,tamara.martin944@line.com,(785) 570-1883,Line Conference Group
Destiny,,destiny.ware470@business.net,(361) 530-8485,Adult Suggest LLC
Gabriel,,gabriel.clark7102@itself.com,(806) 434-8944,Itself Tree Corp.
Andrea,,andrea.brewer125@yahoo.com,(286) 911-1881,Probably Dream LLC
Breanna,,breanna.aguirre609@outlook.com,(869) 503-6817,Perform Them Corp.
Ronald,,ronald.paul75@yahoo.com,(208) 149-6635,Arm Expert Inc.
Jennifer,,jennifer.rodriguez154@gmail.com,(524) 197-6780,House Hit Corp.
Cassandra,,cassandra.miller83@line.com,(337) 219-5955,Line Pull Ltd.
Christina,,christina.brown977@outlook.com,(480) 348-7749,Again Allow LLC
Thomas,,thomas.bailey672@hold.com,(732) 560-7874,Hold Organization Solutions
Danny,,danny.avila8661@doctor.com,(643) 536-8822,Doctor Message LLC
Lauren,,lauren.villa80@yahoo.com,(905) 736-2681,Then Camera Group
Susan,,susan.little387@hotmail.com,(436) 467-5113,Here Safe Inc.
Mary,,mary.strong5604@yahoo.com,(150) 654-3316,See Door Inc.
Yvonne,,yvonne.brown86@work.com,(570) 170-5094,Work Agreement Inc.
Daniel,,daniel.moore580@ago.com,(141) 928-2930,Ago Best Corp.
Kyle,,kyle.ortiz7283@gmail.com,(454) 201-3358,Environment Director Technologies
Brittany,,brittany.brock9855@probably.com,(172) 933-7761,Probably Dream LLC
Justin,,justin.clark4761@yahoo.com,(310) 661-3809,Eight Cause Group
Christina,,christina.reynolds1738@economy.com,(473) 530-7485,Economy Picture Technologies
Stephen,,stephen.ruiz1928@environment.com,(171) 642-4553,Environment Director Technologies
Julia,,julia.woods1605@road.com,(419) 279-4683,Road Drive Solutions
Holly,,holly.garrett203@bank.com,(889) 366-7107,Bank Affect Ltd.
Kayla,,kayla.smith019@outlook.com,(423) 516-6132,Action Occur LLC
Laura,,laura.wilson533@street.com,(994) 682-3856,Street Explain Inc.
Roger,,roger.solis174@hotmail.com,(261) 355-9066,Law Reduce Inc.
Edward,,edward.edwards4514@gmail.com,(297) 174-2613,Maintain That Ltd.
Martha,,martha.maxwell1494@yahoo.com,(170) 890-9989,Toward Behind Technologies
Chelsea,,chelsea.alexander39@gmail.com,(670) 778-6956,Oil Especially Corp.
Randy,,randy.stewart084@study.com,(250) 529-5058,Study Must Inc.
Rebecca,,rebecca.clark706@hotmail.com,(343) 400-1691,Shake Include Corp.
Kevin,,kevin.pierce71@outlook.com,(771) 777-7204,Meeting Account Group
Steven,,steven.pruitt6974@throw.com,(944) 674-2658,Throw Real Technologies
Olivia,,olivia.winters20@outlook.com,(884) 877-2076,White Imagine Group
Andrew,,andrew.harris9993@hotmail.com,(295) 719-5173,Past Stop Corp.
Wendy,,wendy.griffin0446@yahoo.com,(597) 230-7842,They Return Solutions
Sally,,sally.gray93@hotmail.com,(517) 558-8497,Method Agent Solutions
Jerry,,jerry.williams0571@yahoo.com,(335) 191-9841,Church Material Solutions
Daniel,,daniel.miller69@yahoo.com,(835) 187-5816,Care May Inc.
Michelle,,michelle.richardson5585@help.com,(988) 642-9770,Help Growth LLC
Marcus,,marcus.berry32@outlook.com,(987) 888-3629,Body Standard Inc.
Aaron,,aaron.leach713@business.net,(738) 694-4151,Member Positive Technologies
Craig,,craig.powell183@yahoo.com,(793) 823-8308,Hold Organization Solutions
Jennifer,,jennifer.robinson47@hotmail.com,(156) 527-9580,Six Argue Technologies
Anthony,,anthony.carter44@live.com,(585) 715-1593,Live Fight Solutions
Marissa,,marissa.martinez808@hotmail.com,(376) 412-2209,Level First LLC
John,,john.hart799@person.com,(800) 591-7657,Person And Solutions
Bill,,bill.short7333@yahoo.com,(888) 984-9403,Economy Turn Ltd.
Jennifer,,jennifer.washington02@gmail.com,(165) 941-3578,Have Itself Ltd.
John,,john.thomas523@yahoo.com,(367) 175-5507,Bit West Group
Christina,,christina.butler4683@trip.com,(581) 555-1714,Trip Western LLC
Lydia,,lydia.scott224@test.com,(416) 675-4300,Test Full Technologies
Gabrielle,,gabrielle.thomas3531@account.com,(372) 990-8554,Account Key Technologies
Brandon,,brandon.hunt136@place.com,(226) 617-8958,Place Event Corp.
Marissa,,marissa.bass5779@yahoo.com,(233) 835-3420,Professional Various Corp.
Jessica,,jessica.vincent83@see.com,(776) 405-2332,See Bed Corp.
Ronald,,ronald.young5743@hotmail.com,(269) 480-7978,Top Wall Inc.
Melissa,,melissa.morris34@gmail.com,(967) 209-8558,Economy Turn Ltd.
Stephanie,,stephanie.singh31@model.com,(567) 584-5253,Model Should LLC
Robert,,robert.williams2730@business.net,(786) 972-6072,Again Best Corp.
Shirley,,shirley.baxter31@floor.com,(952) 602-3646,Floor Under Corp.
Samantha,,samantha.davidson45@yahoo.com,(592) 319-5636,Indicate Use Group
Charles,,charles.navarro514@start.com,(861) 419-2266,Start Soon Ltd.
Elizabeth,,elizabeth.flores6168@gmail.com,(803) 613-7050,Ago Best Corp.
Nicole,,nicole.moody920@business.net,(659) 359-6328,Join Mrs LLC
Sherry,,sherry.solomon633@yahoo.com,(702) 288-9087,You Hot Ltd.
Eric,,eric.terrell942@yahoo.com,(205) 742-5701,Do If Group
Amy,,amy.santiago923@business.net,(517) 688-7662,Live Fight Solutions
Daniel,,daniel.hebert95@outlook.com,(879) 350-1170,Firm Customer Technologies
Nicole,,nicole.schwartz242@yahoo.com,(505) 817-1084,Mouth Mean Solutions
Robert,,robert.fuller7703@amount.com,(384) 782-5359,Amount Instead Ltd.
Edward,,edward.nichols8962@outlook.com,(792) 199-8309,Adult Suggest LLC
John,,john.phillips25@hotmail.com,(519) 270-9183,My Yard Group
Jason,,jason.kennedy5558@have.com,(926) 146-2239,Have Itself Ltd.
Michelle,,michelle.peterson0986@outlook.com,(878) 212-5093,Cup But Inc.
Shawn,,shawn.king64@yahoo.com,(402) 924-5959,Small By Inc.
Beth,,beth.james636@outlook.com,(166) 486-2470,Word Event Group
John,,john.thompson89@coach.com,(253) 717-6407,Coach Address Group
Patrick,,patrick.watkins26@start.com,(293) 164-5224,Start Soon Ltd.
Andrea,,andrea.davis153@strong.com,(703) 994-5378,Strong Its Technologies
Yolanda,,yolanda.leon203@outlook.com,(773) 827-8363,Strong Its Technologies
Claudia,,claudia.hughes4649@box.com,(650) 682-2023,Box Religious Corp.
Veronica,,veronica.castro946@animal.com,(741) 723-4194,Animal Person Corp.
Nicolas,,nicolas.blackburn156@business.net,(696) 812-2179,His Last Inc.
Mary,,mary.smith89@hotmail.com,(401) 216-7435,Win Beyond Inc.
Nathan,,nathan.collins87@consumer.com,(177) 861-9312,Consumer President Ltd.
Jordan,,jordan.sparks11@democratic.com,(865) 181-3016,Democratic Evidence LLC
Malik,,malik.wilson336@but.com,(824) 631-8133,But Above Inc.
Anita,,anita.brown34@hotmail.com,(595) 525-5152,Quickly Image LLC
Raymond,,raymond.weber4576@business.net,(614) 682-2901,Again Best Corp.
Jennifer,,jennifer.bell30@outlook.com,(765) 484-7453,Throughout Reduce Corp.
James,,james.jenkins07@business.net,(483) 374-7095,Player Character Inc.
Laura,,laura.james108@myself.com,(224) 900-4501,Myself Small Corp.
Toni,,toni.clark5461@rise.com,(894) 193-7519,Rise Plan Group
Eric,,eric.reid520@hotmail.com,(750) 402-6598,Require One Technologies
Michelle,,michelle.nguyen8557@outlook.com,(354) 969-8814,Place Event Corp.
Adam,,adam.herrera336@gmail.com,(812) 190-9462,Million Large Inc.
Caitlin,,caitlin.murphy2780@shake.com,(957) 295-4509,Shake Include Corp.
William,,william.fuller6410@hotmail.com,(305) 193-8446,Case Half Solutions
Jeffery,,jeffery.burton681@hotmail.com,(496) 881-1606,Dark Form Ltd.
Paul,,paul.marshall60@hotmail.com,(920) 173-1630,Party Phone Inc.
William,,william.bolton038@dinner.com,(172) 277-1451,Dinner Move Solutions
Dylan,,dylan.green83@yahoo.com,(167) 333-3840,Commercial Site Solutions
Cheryl,,cheryl.lopez17@opportunity.com,(133) 409-4963,Opportunity City Corp.
Brian,,brian.schmitt666@hold.com,(804) 859-3977,Hold Organization Solutions
Melissa,,melissa.webster2640@yahoo.com,(321) 187-7583,His Last Inc.
Kimberly,,kimberly.butler5526@hotmail.com,(795) 779-8794,Toward Director Inc.
Chad,,chad.weber02@hotmail.com,(231) 769-7401,Win Beyond Inc.
Richard,,richard.villarreal58@party.com,(842) 591-4446,Party Phone Inc.
Sarah,,sarah.lyons40@hotmail.com,(403) 224-5347,Reveal Recently Corp.
William,,william.harvey461@gmail.com,(562) 489-3647,Step Nearly Technologies
Matthew,,matthew.mcdonald002@material.com,(594) 570-7016,Material Mrs Ltd.
Daniel,,daniel.lee674@outlook.com,(774) 209-9165,Defense Next Inc.
Christina,,christina.lutz023@business.net,(951) 723-9388,Know At Inc.
Mark,,mark.baker75@hotmail.com,(818) 159-7586,School Building Ltd.
Karen,,karen.perry63@gmail.com,(497) 478-8356,Determine Exist Technologies
Valerie,,valerie.booker86@gmail.com,(143) 126-5964,State Area LLC
Spencer,,spencer.oconnell8997@hotmail.com,(420) 544-6891,Reason Offer Solutions
Alyssa,,alyssa.cohen104@business.net,(291) 538-9810,Cup Yet Inc.
Erin,,erin.lee5628@yahoo.com,(480) 224-9047,Experience Grow Group
Mark,,mark.hart18@start.com,(981) 760-3340,Start Continue Corp.
Sally,,sally.moore1813@health.com,(959) 375-5817,Health Site Technologies
Gregory,,gregory.harris2793@yahoo.com,(882) 365-9721,Receive Economic LLC
Kenneth,,kenneth.hanson8544@win.com,(886) 655-4371,Win Beyond Inc.
Cheryl,,cheryl.ross1706@hot.com,(482) 420-9110,Hot Clearly Inc.
Laura,,laura.campbell978@business.net,(230) 735-4094,Site Campaign Solutions
Bryan,,bryan.williams6426@yahoo.com,(786) 554-6550,Time Into Technologies
Kristin,,kristin.harris8001@green.com,(771) 557-3645,Green Consumer Group
Brian,,brian.ashley1510@meeting.com,(901) 468-6341,Meeting Account Group
Stephen,,stephen.coleman3933@yahoo.com,(486) 303-8773,Kind Memory Solutions
Heather,,heather.molina9805@hotmail.com,(629) 192-3520,Board Plant Corp.
Jessica,,jessica.crosby76@mind.com,(445) 167-8433,Mind Key Ltd.
Courtney,,courtney.jones16@yahoo.com,(717) 165-1712,Government Along LLC
Robert,,robert.gonzalez2098@gmail.com,(765) 133-8120,Happen Trip Solutions
Carly,,carly.santos072@business.net,(601) 784-6785,Perform Them Corp.
Cindy,,cindy.raymond277@gmail.com,(469) 275-9005,Rise Read Ltd.
Abigail,,abigail.young36@approach.com,(836) 114-7107,Approach Feeling Ltd.
Susan,,susan.thomas520@outlook.com,(401) 880-8518,Office Officer Solutions
Darryl,,darryl.garner59@hotmail.com,(527) 335-8883,Drop Involve Corp.
Thomas,,thomas.lawrence500@yahoo.com,(652) 139-4820,Onto Event Solutions
Daniel,,daniel.watts661@indicate.com,(379) 413-5087,Indicate Use Group
Kimberly,,kimberly.stone10@business.net,(891) 307-1896,Sister Market Corp.
Christine,,christine.hardy026@yahoo.com,(302) 271-7192,Former Drive Solutions
Jeremy,,jeremy.bennett78@kitchen.com,(120) 986-5150,Kitchen Detail Technologies
William,,william.ruiz78@question.com,(909) 629-1787,Question World LLC
Christopher,,christopher.vega58@gmail.com,(834) 538-2718,Who Laugh Technologies
Juan,,juan.stevens53@gmail.com,(863) 247-8884,Program Third Ltd.
Jacob,,jacob.hubbard545@gmail.com,(922) 489-1329,Specific Size Technologies
James,,james.sanchez8787@outlook.com,(926) 627-5218,Send Building Inc.
Heather,,heather.castaneda5211@measure.com,(568) 133-1976,Measure Suggest Solutions
Alan,,alan.hernandez74@treat.com,(387) 263-6787,Treat Space Technologies
Natalie,,natalie.alvarez0720@service.com,(953) 337-9593,Service Church Group
Sean,,sean.burnett95@mouth.com,(301) 509-1538,Mouth Know Ltd.
Erin,,erin.parks9280@outlook.com,(629) 351-3051,Receive Economic LLC
Lindsay,,lindsay.garner03@light.com,(148) 400-3875,Light Seven Solutions
Michele,,michele.ward339@hotmail.com,(228) 210-5792,Positive Small Corp.
Kevin,,kevin.castro940@hotmail.com,(258) 729-4074,Pick Become Corp.
Larry,,larry.huynh65@yahoo.com,(239) 413-7226,Authority Least Solutions
Michael,,michael.jacobs24@gmail.com,(586) 671-9572,Method Agent Solutions
Megan,,megan.obrien9905@arm.com,(139) 178-8754,Arm Expert Inc.
Louis,,louis.reed17@yahoo.com,(539) 193-1937,Then Camera Group
Cheryl,,cheryl.hernandez553@yahoo.com,(765) 682-5322,Then Camera Group
Michael,,michael.lynch433@gmail.com,(317) 363-5146,Material Mrs Ltd.
Nancy,,nancy.martinez661@outlook.com,(908) 551-1692,Leader Television Group
Matthew,,matthew.cohen9319@outlook.com,(514) 580-7359,Government Page Technologies
Heather,,heather.spencer46@him.com,(977) 290-4329,Him History LLC
Erin,,erin.avery29@skin.com,(366) 460-5745,Skin Apply Technologies
Harold,,harold.hall86@yahoo.com,(901) 262-1125,Learn Require Ltd.
Andrea,,andrea.brown731@hot.com,(794) 977-1844,Hot Clearly Inc.
Steven,,steven.pena67@gmail.com,(301) 530-3748,There Your Group
Jessica,,jessica.parsons798@yahoo.com,(910) 355-1253,Pick Peace Ltd.
Michelle,,michelle.tucker6995@hotmail.com,(554) 802-1494,Question World LLC
Laurie,,laurie.guerra434@employee.com,(625) 151-2948,Employee Partner Group
Amanda,,amanda.pearson06@because.com,(707) 416-4297,Because Draw Ltd.
Matthew,,matthew.rhodes2091@business.net,(486) 178-8140,Authority Education LLC
Paul,,paul.boyer8602@business.net,(541) 951-8441,Economy Picture Technologies
Mark,,mark.werner4944@outlook.com,(869) 522-8081,So However Inc.
Gregory,,gregory.garcia9344@yahoo.com,(926) 693-1363,Authority Education LLC
Monica,,monica.potts65@yahoo.com,(897) 537-1075,Arm Expert Inc.
Carrie,,carrie.taylor56@message.com,(119) 292-5682,Message Smile Technologies
Tracy,,tracy.roberts27@dinner.com,(749) 564-7727,Dinner Move Solutions
