first_name,last_name,email,phone_number,company
Debbie,Williamson,debbie.williamson518@start.com,(826) 142-9226,Start Continue Corp.
Penny,Burnett,penny.burnett20@because.com,(705) 992-1503,Because Draw Ltd.
Tyler,Martinez,tyler.martinez624@yahoo.com,(715) 957-8994,Performance Bring Corp.
Mary,Murillo,mary.murillo1773@yahoo.com,(663) 616-2927,Able Whose Group
Allison,Small,allison.small87@outlook.com,(207) 745-4316,State Area LLC
Jonathan,Martin,jonathan.martin3020@outlook.com,(474) 210-7951,Memory Place Ltd.
Andrea,Johnson,andrea.johnson33@others.com,(637) 101-5357,Others Also Technologies
Brianna,Greene,brianna.greene7229@gmail.com,(326) 853-5586,Discuss Answer Solutions
Melissa,Hunter,melissa.hunter0195@nature.com,(257) 953-1675,Nature Human Corp.
Johnathan,Brown,johnathan.brown4496@actually.com,(345) 972-6934,Actually Poor Inc.
James,Schmidt,james.schmidt25@outlook.com,(995) 215-6129,Partner Expect Inc.
Sherry,Jackson,sherry.jackson545@gmail.com,(286) 485-1641,Animal Person Corp.
Zachary,Martin,zachary.martin20@sing.com,(494) 273-2956,Sing Team Ltd.
Justin,Sullivan,justin.sullivan81@send.com,(394) 507-4278,Send Building Inc.
Henry,Adams,henry.adams347@price.com,(589) 731-5284,Price Forward Solutions
Sean,Day,sean.day75@gmail.com,(189) 354-4495,Prove Quickly LLC
Juan,White,juan.white82@gmail.com,(838) 199-9195,Remember Care LLC
Edward,Young,edward.young416@hotmail.com,(783) 416-3671,State Area LLC
Sandra,Russell,sandra.russell26@service.com,(471) 497-9096,Service Church Group
Nicolas,Gray,nicolas.gray810@country.com,(569) 766-2625,Country Professor Technologies
Cody,Parker,cody.parker591@hotmail.com,(554) 677-5213,Store Task Ltd.
Melissa,Morrow,melissa.morrow114@gmail.com,(614) 449-7376,Consumer President Ltd.
Mark,Johnson,mark.johnson9150@business.net,(793) 692-9861,Piece Room Inc.
Brandy,Hutchinson,brandy.hutchinson7755@night.com,(356) 393-9955,Night Pull Group
Donald,Hall,donald.hall903@yet.com,(175) 432-6434,Yet Exactly Solutions
Brenda,Scott,brenda.scott08@who.com,(383) 853-8494,Who Laugh Technologies
Aaron,Mclean,aaron.mclean7214@yahoo.com,(484) 282-8993,His Indicate Inc.
Hailey,Morrison,hailey.morrison7144@outlook.com,(881) 653-4747,Girl Believe LLC
Patricia,Rivas,patricia.rivas968@hotmail.com,(242) 898-9013,Win Everybody Technologies
Kenneth,Smith,kenneth.smith021@employee.com,(930) 325-4182,Employee Partner Group
Kevin,Villarreal,kevin.villarreal66@table.com,(572) 559-9673,Table Service Technologies
Anthony,Shaw,anthony.shaw197@hotmail.com,(294) 561-7554,Former Drive Solutions
Julie,Montoya,julie.montoya1609@hotmail.com,(720) 851-9386,Room Source Ltd.
Richard,Leon,richard.leon0663@yahoo.com,(345) 301-9623,Test Full Technologies
Stephanie,Jackson,stephanie.jackson971@consumer.com,(435) 308-7680,Consumer President Ltd.
Tony,Carney,tony.carney73@hotmail.com,(851) 851-4673,Option Represent Corp.
Robert,Short,robert.short8255@gmail.com,(810) 708-2714,You Hot Ltd.
Eric,Walters,eric.walters331@opportunity.com,(802) 280-5139,Opportunity Area Ltd.
Kelly,Webb,kelly.webb7624@yahoo.com,(562) 137-6764,Mind Key Ltd.
Marie,Alexander,marie.alexander12@business.net,(388) 894-7866,But Above Inc.
Sherry,Baker,sherry.baker7241@yahoo.com,(729) 742-1694,Child Simple Technologies
Catherine,Pennington,catherine.pennington3725@help.com,(265) 380-4630,Help Growth LLC
Stephen,Mitchell,stephen.mitchell272@hotmail.com,(334) 588-4022,Tv Factor Technologies
Edwin,Hernandez,edwin.hernandez69@move.com,(802) 386-8488,Move Stand LLC
Alison,Reed,alison.reed4821@gmail.com,(309) 119-7422,State Area LLC
Edward,Bowen,edward.bowen39@gmail.com,(802) 119-3786,Specific Size Technologies
Martha,Williams,martha.williams026@hot.com,(931) 165-8050,Hot Industry LLC
Dorothy,Howard,dorothy.howard93@outlook.com,(551) 599-7178,Require One Technologies
Traci,Olson,traci.olson022@gmail.com,(991) 554-6781,Upon Despite Group
Monica,Lucas,monica.lucas062@outlook.com,(486) 558-6554,Audience Surface Solutions
Garrett,Barr,garrett.barr8799@gmail.com,(370) 964-4773,Air Need Ltd.
Alex,Erickson,alex.erickson054@step.com,(823) 309-4444,Step Nearly Technologies
Jennifer,Evans,jennifer.evans965@hotmail.com,(372) 716-7444,Election Fear LLC
Rachel,Francis,rachel.francis63@gmail.com,(274) 114-1809,Measure Suggest Solutions
Margaret,Hudson,margaret.hudson00@green.com,(685) 550-8151,Green Consumer Group
Kristy,Wilson,kristy.wilson94@authority.com,(550) 178-2704,Authority Least Solutions
Vincent,Charles,vincent.charles92@business.net,(205) 518-7854,Him History LLC
Shannon,Garcia,shannon.garcia62@best.com,(495) 116-2453,Best Moment Group
Bradley,Kirby,bradley.kirby9583@economy.com,(374) 799-1426,Economy Picture Technologies
Sharon,Patel,sharon.patel17@certainly.com,(340) 914-1342,Certainly Free Ltd.
Chris,Nguyen,chris.nguyen483@gmail.com,(675) 117-3849,Your Ask Technologies
Katherine,Brock,katherine.brock889@hotmail.com,(126) 746-4168,Material Mrs Ltd.
Kimberly,Chambers,kimberly.chambers9692@film.com,(435) 843-5511,Film Its Group
Chad,Robinson,chad.robinson038@business.net,(113) 620-5120,Present Health Technologies
Jill,Perez,jill.perez04@hotmail.com,(340) 274-6868,Practice Relationship Corp.
Larry,Dorsey,larry.dorsey555@business.net,(659) 736-2152,Factor Fund LLC
Mary,Livingston,mary.livingston582@yahoo.com,(213) 226-6005,Way Goal Solutions
Eric,Lewis,eric.lewis113@business.net,(701) 721-9071,Certainly Free Ltd.
Michael,Jones,michael.jones031@yahoo.com,(796) 311-1827,Matter Technology Inc.
Keith,Moses,keith.moses2458@outlook.com,(351) 534-2808,House Hit Corp.
Jacob,Mcdonald,jacob.mcdonald8836@business.net,(834) 516-1967,Ask Partner Inc.
Robert,Gentry,robert.gentry82@outlook.com,(588) 144-3548,Detail Different Technologies
Jason,Perkins,jason.perkins525@outlook.com,(896) 155-3575,Pick Become Corp.
Walter,Fox,walter.fox1794@gmail.com,(929) 690-6650,Store Task Ltd.
Ronald,Evans,ronald.evans38@age.com,(836) 113-9378,Age Defense Solutions
Annette,Delacruz,annette.delacruz64@hotmail.com,(198) 802-7586,Practice Mention Group
Gabrielle,Krueger,gabrielle.krueger08@improve.com,(146) 505-6406,Improve Present Inc.
Kenneth,Trujillo,kenneth.trujillo142@hotmail.com,(625) 340-3432,Us Morning Group
Christina,Conner,christina.conner62@outlook.com,(673) 953-6060,Care May Inc.
Leah,Flynn,leah.flynn466@yahoo.com,(790) 157-4109,Finish When LLC
Steve,Ho,steve.ho28@sister.com,(394) 392-8411,Sister Market Corp.
Rebecca,Becker,rebecca.becker6882@gmail.com,(551) 604-5746,Receive Economic LLC
Dennis,Jenkins,dennis.jenkins072@business.net,(347) 584-2442,Throw Real Technologies
Colin,Mills,colin.mills314@yahoo.com,(989) 399-1904,If Though LLC
Philip,Ellis,philip.ellis26@past.com,(400) 356-5974,Past Stop Corp.
Joseph,Cuevas,joseph.cuevas00@way.com,(272) 975-5003,Way Goal Solutions
Susan,Wood,susan.wood7820@most.com,(388) 116-8175,Most Place Ltd.
Tammy,Johnson,tammy.johnson8864@yahoo.com,(625) 661-8490,Start Soon Ltd.
Zachary,Whitehead,zachary.whitehead211@hotmail.com,(943) 170-7422,Finish When LLC
Daniel,Anderson,daniel.anderson847@outlook.com,(431) 186-7580,Coach Address Group
Jesus,Baker,jesus.baker7099@hotmail.com,(594) 656-2241,Short Director Corp.
Lee,Lewis,lee.lewis373@product.com,(289) 684-3349,Product Style Corp.
Renee,Russell,renee.russell785@hotmail.com,(331) 347-3180,City Bed Ltd.
Madeline,Johnson,madeline.johnson70@business.net,(138) 463-3684,Step Nearly Technologies
Jason,Rodriguez,jason.rodriguez2504@outlook.com,(772) 258-3266,Kitchen Detail Technologies
Carrie,Maynard,carrie.maynard7809@recently.com,(554) 462-2993,Recently Either Solutions
Lori,Frye,lori.frye6990@outlook.com,(384) 419-9969,See Door Inc.
Amanda,Fitzpatrick,amanda.fitzpatrick332@indicate.com,(189) 902-3253,Indicate Use Group
Ann,Rodriguez,ann.rodriguez06@hotmail.com,(811) 274-1878,Box Religious Corp.
Melissa,Edwards,melissa.edwards437@outlook.com,(268) 899-4715,Question World LLC
Andrew,Peterson,andrew.peterson628@business.net,(599) 494-6194,Nature Arrive Technologies
Robert,Bernard,robert.bernard1811@business.net,(125) 870-9038,Onto Event Solutions
Joseph,Jones,joseph.jones501@player.com,(623) 180-7230,Player Why Technologies
Jennifer,Dougherty,jennifer.dougherty66@southern.com,(109) 257-2900,Southern Situation Inc.
Stephanie,Clayton,stephanie.clayton255@outlook.com,(397) 779-7291,Then Camera Group
Shawn,Davenport,shawn.davenport945@result.com,(485) 163-5302,Result Across Technologies
Oscar,Giles,oscar.giles318@help.com,(890) 581-3388,Help Growth LLC
Eric,Valenzuela,eric.valenzuela0637@outlook.com,(245) 498-6428,Perform Them Corp.
Shelia,Morrison,shelia.morrison77@growth.com,(463) 293-9394,Growth Fact Technologies
Rachel,Howe,rachel.howe2524@note.com,(558) 184-3999,Note Continue Technologies
Aaron,Frederick,aaron.frederick15@itself.com,(665) 539-2824,Itself Tree Corp.
Christopher,Hunter,christopher.hunter3730@we.com,(397) 570-6227,We Drop Solutions
Teresa,Thompson,teresa.thompson8512@business.net,(462) 451-8849,Small By Inc.
Emily,Davis,emily.davis440@more.com,(615) 714-4275,More These Inc.
Cathy,Simmons,cathy.simmons7779@outlook.com,(558) 940-4389,Physical Have Inc.
Laura,Thompson,laura.thompson39@business.net,(389) 991-7963,Then Lay Technologies
Neil,Martin,neil.martin011@rise.com,(532) 242-6005,Rise Read Ltd.
George,Ray,george.ray2248@business.net,(141) 143-5687,Company Include Group
Deborah,Delgado,deborah.delgado40@yahoo.com,(800) 484-5842,Cell Happen Ltd.
Jonathan,Brown,jonathan.brown6218@business.net,(620) 270-2668,Father Me Technologies
Jim,Hogan,jim.hogan26@yahoo.com,(998) 870-7472,Low Table Corp.
Raymond,Miller,raymond.miller4935@business.net,(344) 647-7151,World Wife LLC
Marcus,Perez,marcus.perez5717@civil.com,(219) 936-5577,Civil Type Group
Dana,Carey,dana.carey077@learn.com,(383) 518-7767,Learn Require Ltd.
John,Mccullough,john.mccullough237@pass.com,(601) 336-5764,Pass Down Group
Tina,Wells,tina.wells197@business.net,(160) 901-1110,Lawyer National Technologies
Robert,Owens,robert.owens94@business.net,(592) 972-8946,Important Executive Solutions
William,Kelley,william.kelley292@yahoo.com,(164) 941-2579,Case Half Solutions
Kimberly,Ford,kimberly.ford78@gmail.com,(831) 665-3646,Remember Care LLC
Amy,Rodriguez,amy.rodriguez568@business.net,(667) 550-7466,Reveal Among Solutions
Debbie,Scott,debbie.scott079@gmail.com,(463) 550-9255,Support Stock Technologies
Eric,Baker,eric.baker36@specific.com,(856) 878-9728,Specific Size Technologies
Christopher,Hughes,christopher.hughes850@partner.com,(360) 201-6123,Partner Expect Inc.
Adam,Garcia,adam.garcia779@probably.com,(997) 941-9474,Probably Dream LLC
Katie,Morris,katie.morris4793@business.net,(394) 183-8923,Medical People Corp.
Daniel,Taylor,daniel.taylor965@as.com,(569) 473-8953,As Note LLC
Jennifer,Vargas,jennifer.vargas371@study.com,(516) 416-1884,Study Must Inc.
Maurice,Bolton,maurice.bolton8918@gmail.com,(417) 274-7930,Approach Feeling Ltd.
Kristy,Morris,kristy.morris20@yahoo.com,(661) 252-2501,Throughout Reduce Corp.
Michelle,Ross,michelle.ross532@outlook.com,(842) 989-9868,Affect Analysis Ltd.
Jamie,Snyder,jamie.snyder407@medical.com,(809) 612-7675,Medical People Corp.
Lisa,Mendoza,lisa.mendoza9168@live.com,(384) 339-3335,Live Fight Solutions
Jared,Walker,jared.walker1674@business.net,(477) 790-5888,Dinner Move Solutions
Margaret,Conway,margaret.conway7796@gmail.com,(345) 578-1897,Government Along LLC
Jessica,Smith,jessica.smith043@outlook.com,(638) 104-2625,Maintain That Ltd.
Susan,Crosby,susan.crosby108@hot.com,(452) 766-5716,Hot Industry LLC
Jennifer,Keller,jennifer.keller353@able.com,(553) 113-1849,Able Whose Group
Christopher,Taylor,christopher.taylor49@nature.com,(984) 951-9331,Nature Arrive Technologies
Michael,Meza,michael.meza663@outlook.com,(321) 190-9550,National Dog Solutions
Johnathan,Sosa,johnathan.sosa171@gmail.com,(321) 808-3060,Chair Recently Solutions
Eric,Reyes,eric.reyes5119@kid.com,(687) 649-6734,Kid Own Technologies
Andrew,Graves,andrew.graves1796@age.com,(839) 118-9549,Age Defense Solutions
Chris,Castro,chris.castro980@gmail.com,(279) 221-1173,Reveal Girl Inc.
Allison,Hale,allison.hale41@manage.com,(493) 495-3499,Manage Detail Solutions
Christopher,Moreno,christopher.moreno88@history.com,(573) 677-1884,History Seek Technologies
William,Petty,william.petty912@business.net,(582) 439-5000,Kitchen Against Solutions
Christina,Mclean,christina.mclean71@small.com,(660) 488-9911,Small By Inc.
Crystal,Gonzales,crystal.gonzales56@join.com,(409) 892-2099,Join Mrs LLC
Nathan,Garrison,nathan.garrison2668@born.com,(629) 159-5062,Born Open LLC
Jessica,Moss,jessica.moss6819@business.net,(285) 383-1700,Itself Tree Corp.
Katrina,Allen,katrina.allen962@yahoo.com,(757) 318-1292,Lawyer National Technologies
Mary,Miller,mary.miller692@gmail.com,(794) 221-9391,Represent Attention Group
Jeffrey,Ramirez,jeffrey.ramirez0277@church.com,(900) 693-7850,Church Present Ltd.
Brian,Ramsey,brian.ramsey7214@business.net,(775) 584-9687,Perform Them Corp.
Chad,Allen,chad.allen83@business.net,(673) 168-4712,Study Must Inc.
Tiffany,Roberts,tiffany.roberts643@matter.com,(430) 890-1715,Matter Technology Inc.
Wanda,Gallegos,wanda.gallegos37@yahoo.com,(226) 246-2480,Economy Picture Technologies
Courtney,Watts,courtney.watts47@positive.com,(245) 260-7608,Positive Small Corp.
Vanessa,Todd,vanessa.todd991@million.com,(164) 776-4863,Million Large Inc.
Samantha,Wilson,samantha.wilson877@indicate.com,(655) 409-4415,Indicate Use Group
Jesus,Maldonado,jesus.maldonado1153@house.com,(690) 172-2363,House Hit Corp.
Scott,Ward,scott.ward9272@throughout.com,(772) 197-7970,Throughout Reduce Corp.
Kenneth,Evans,kenneth.evans6537@white.com,(459) 740-7791,White Imagine Group
Mckenzie,Gutierrez,mckenzie.gutierrez55@room.com,(195) 742-2518,Room Source Ltd.
Joshua,Parker,joshua.parker27@tree.com,(826) 876-5312,Tree Standard Inc.
Ashley,Richmond,ashley.richmond8763@yahoo.com,(447) 177-1340,House Player Corp.
Joseph,Allen,joseph.allen19@opportunity.com,(147) 270-6085,Opportunity Area Ltd.
Melissa,Nunez,melissa.nunez958@gmail.com,(550) 250-7084,White Argue Ltd.
Miguel,Riley,miguel.riley59@nature.com,(564) 801-9020,Nature Human Corp.
Joshua,Lopez,joshua.lopez2992@world.com,(142) 547-7685,World Wife LLC
Alexandra,Miller,alexandra.miller34@outlook.com,(472) 358-2276,Measure Suggest Solutions
Jeremiah,Hoffman,jeremiah.hoffman3959@policy.com,(370) 591-3212,Policy Yourself Ltd.
William,Munoz,william.munoz35@outlook.com,(996) 810-9406,Care May Inc.
Angela,Jones,angela.jones92@business.net,(132) 728-9705,They Return Solutions
Julie,Thomas,julie.thomas836@hotmail.com,(159) 452-6335,What Later Group
Joel,Simmons,joel.simmons839@sing.com,(601) 265-3659,Sing Team Ltd.
Rebecca,Pacheco,rebecca.pacheco07@business.net,(795) 895-1152,Air Need Ltd.
Maria,Armstrong,maria.armstrong195@care.com,(939) 925-8049,Care Star Ltd.
Andrew,Phillips,andrew.phillips5896@practice.com,(839) 505-4826,Practice Mention Group
Joann,Williams,joann.williams4408@business.net,(504) 410-9335,Require One Technologies
Matthew,Wade,matthew.wade249@include.com,(785) 731-8716,Include How LLC
Donald,Garcia,donald.garcia27@civil.com,(117) 788-2592,Civil Type Group
Todd,Boyle,todd.boyle83@hotmail.com,(441) 264-8609,Piece Room Inc.
Joanne,Martinez,joanne.martinez753@gmail.com,(384) 893-6513,Measure Suggest Solutions
Gregory,Adams,gregory.adams068@yahoo.com,(206) 678-5664,Program Third Ltd.
Christopher,Morgan,christopher.morgan7492@gmail.com,(175) 750-3819,Quickly Image LLC
Michelle,Tucker,michelle.tucker6995@hotmail.com,(415) 180-7573,Question World LLC
Carrie,Patterson,carrie.patterson161@officer.com,(125) 270-4259,Officer Rate Group
Brandon,Cuevas,brandon.cuevas149@hotmail.com,(377) 514-5509,Authority Area Ltd.
Richard,Watkins,richard.watkins37@their.com,(175) 826-1469,Their Make Group
Rebecca,Saunders,rebecca.saunders3506@hotmail.com,(387) 829-8507,Arm Expert Inc.
Matthew,Williams,matthew.williams42@gmail.com,(269) 675-6634,Father Me Technologies
Douglas,Perkins,douglas.perkins893@kid.com,(681) 172-4851,Kid Own Technologies
Lindsay,Lee,lindsay.lee71@great.com,(918) 513-9414,Great Source Group
Julian,Brown,julian.brown6037@perform.com,(924) 630-4161,Perform Them Corp.
Connie,Brown,connie.brown6404@business.net,(201) 641-1308,Account Key Technologies
Jennifer,Garcia,jennifer.garcia804@gmail.com,(541) 925-5302,Government Along LLC
Steven,Brown,steven.brown3433@oil.com,(549) 920-8346,Oil Especially Corp.
Allison,Anderson,allison.anderson4677@outlook.com,(218) 536-8892,Election Fear LLC
Erica,Oliver,erica.oliver162@gmail.com,(219) 873-9819,Air Need Ltd.
Chase,Knight,chase.knight369@yahoo.com,(570) 463-3928,Growth Fact Technologies
David,Hall,david.hall30@movie.com,(631) 554-2222,Movie Single Group
Jamie,Mills,jamie.mills8164@business.net,(744) 171-2848,History Seek Technologies
Jeremy,Gibson,jeremy.gibson987@business.net,(749) 561-9030,Floor Under Corp.
Daniel,Williams,daniel.williams8895@yahoo.com,(212) 172-2502,Line Pull Ltd.
Cheryl,Morris,cheryl.morris7999@business.net,(574) 811-3029,Nearly Eye Corp.
Ashley,Alvarez,ashley.alvarez689@place.com,(986) 326-9737,Place Event Corp.
Ann,Smith,ann.smith364@win.com,(464) 682-5283,Win Beyond Inc.
Mariah,Miller,mariah.miller3523@evidence.com,(326) 423-8408,Evidence Similar Inc.
Matthew,Gonzales,matthew.gonzales14@pass.com,(622) 336-4926,Pass Down Group
Alan,Harris,alan.harris7649@yahoo.com,(169) 169-8669,Pass Down Group
Matthew,Phillips,matthew.phillips1419@outlook.com,(414) 208-2536,Hot Industry LLC
Matthew,Donaldson,matthew.donaldson09@nor.com,(823) 381-7987,Nor Live LLC
Danny,Harrison,danny.harrison456@born.com,(286) 839-6876,Born Open LLC
Douglas,Bowman,douglas.bowman391@hotmail.com,(863) 421-7367,Talk Sometimes Group
Shannon,Mckinney,shannon.mckinney3958@business.net,(634) 729-4953,Member Positive Technologies
Michael,Freeman,michael.freeman508@yahoo.com,(441) 495-2793,Word Event Group
Craig,Graham,craig.graham331@hotmail.com,(117) 854-9641,Actually Poor Inc.
Matthew,Mcmahon,matthew.mcmahon23@outlook.com,(846) 479-3220,Important Executive Solutions
Danielle,Stephens,danielle.stephens12@business.net,(256) 753-2202,Article Agent Solutions
Brian,Quinn,brian.quinn47@we.com,(289) 586-9980,We Drop Solutions
Kevin,Christensen,kevin.christensen38@born.com,(549) 430-8769,Born Open LLC
Bryan,Goodman,bryan.goodman5853@hotmail.com,(901) 368-2768,Civil Type Group
Karla,Carlson,karla.carlson490@explain.com,(263) 214-4825,Explain President Corp.
Lisa,Braun,lisa.braun97@but.com,(367) 748-7468,But Above Inc.
Jose,Lamb,jose.lamb21@firm.com,(333) 929-7877,Firm Customer Technologies
Scott,Gonzalez,scott.gonzalez45@business.net,(242) 975-3090,Choose Lay Group
Joseph,Collins,joseph.collins27@yahoo.com,(239) 869-2858,Experience Grow Group
Benjamin,Khan,benjamin.khan67@include.com,(939) 354-8145,Include How LLC
Ashley,Baldwin,ashley.baldwin2976@hotmail.com,(771) 804-2510,Month Address Group
Jerry,Morgan,jerry.morgan3960@yahoo.com,(112) 548-3701,Score She Solutions
Emily,Nolan,emily.nolan74@adult.com,(132) 713-2499,Adult Suggest LLC
Brad,Huffman,brad.huffman8221@business.net,(725) 528-4130,Ability White Group
Jeffrey,Klein,jeffrey.klein25@program.com,(520) 134-6867,Program Third Ltd.
Katie,Garcia,katie.garcia0845@hard.com,(962) 208-3954,Hard Order Technologies
Caleb,Bell,caleb.bell6443@great.com,(628) 883-6372,Great Source Group
Jason,Obrien,jason.obrien64@score.com,(380) 787-8552,Score She Solutions
Valerie,Rodriguez,valerie.rodriguez1990@door.com,(961) 687-4258,Door Thus Solutions
Destiny,Gonzalez,destiny.gonzalez79@security.com,(308) 983-9799,Security Individual LLC
Emily,Mcdonald,emily.mcdonald187@but.com,(573) 790-5342,But Above Inc.
Tracie,Perry,tracie.perry719@together.com,(733) 198-8043,Together Professor Inc.
Tony,Thompson,tony.thompson73@hotmail.com,(740) 398-8017,Minute Level Technologies
Cheryl,Sanders,cheryl.sanders90@determine.com,(335) 115-8523,Determine Exist Technologies
Lance,Reynolds,lance.reynolds169@business.net,(691) 861-1794,Compare Each Corp.
Glenn,Ramirez,glenn.ramirez699@outlook.com,(671) 981-9323,See Bed Corp.
Shannon,Duncan,shannon.duncan60@yahoo.com,(560) 389-1574,Kitchen Detail Technologies
Marvin,Lara,marvin.lara871@perform.com,(557) 137-7643,Perform Them Corp.
Debra,Howell,debra.howell331@hotmail.com,(212) 800-6719,Study Must Inc.
Tony,Davis,tony.davis703@yahoo.com,(364) 493-9028,Learn Require Ltd.
Laurie,Haynes,laurie.haynes802@hotmail.com,(189) 759-6029,Big Main Technologies
Jennifer,Holland,jennifer.holland5446@yahoo.com,(254) 733-9625,Board Plant Corp.
Matthew,Moore,matthew.moore8387@toward.com,(678) 907-9123,Toward Director Inc.
James,Hill,james.hill750@business.net,(792) 389-6565,Reveal Girl Inc.
Paul,Fernandez,paul.fernandez45@place.com,(201) 294-9556,Place Event Corp.
Melinda,Lindsey,melinda.lindsey5262@hotmail.com,(797) 236-5590,Hear Ok Technologies
Devin,Smith,devin.smith638@yahoo.com,(290) 485-5967,Water Administration Technologies
John,Robles,john.robles35@outlook.com,(702) 112-3601,Night Program Technologies
Roy,Davis,roy.davis390@outlook.com,(917) 943-4742,Memory Place Ltd.
Michelle,Powell,michelle.powell702@gmail.com,(694) 999-6151,Economy Picture Technologies
Jasmine,Cooley,jasmine.cooley316@yahoo.com,(743) 198-9312,Eight Cause Group
Andrew,Wong,andrew.wong0738@gmail.com,(249) 871-3075,Big Main Technologies
Nancy,Padilla,nancy.padilla2041@child.com,(740) 744-5305,Child Simple Technologies
Carla,Swanson,carla.swanson860@gmail.com,(151) 848-5716,Represent Attention Group
Anita,Henry,anita.henry49@outlook.com,(714) 243-5920,Case Half Solutions
Stephen,Turner,stephen.turner9079@hotmail.com,(364) 339-6516,Street Explain Inc.
Harold,Solomon,harold.solomon54@office.com,(505) 236-5640,Office Officer Solutions
Jill,Hudson,jill.hudson209@drop.com,(567) 674-2035,Drop Involve Corp.
Ethan,Lopez,ethan.lopez541@line.com,(856) 486-9591,Line Conference Group
Scott,Burke,scott.burke66@skin.com,(646) 732-5765,Skin Apply Technologies
Alexandra,Green,alexandra.green5806@business.net,(916) 619-9309,White Imagine Group
Frank,Mills,frank.mills5038@business.net,(134) 611-7173,Church Present Ltd.
Andrew,Lopez,andrew.lopez870@yahoo.com,(573) 875-4698,Hold Organization Solutions
Richard,Mckay,richard.mckay221@gmail.com,(989) 397-4723,Minute Oil Group
Adam,Schmidt,adam.schmidt516@outlook.com,(166) 269-1207,Air Need Ltd.
Michelle,Thompson,michelle.thompson744@box.com,(136) 163-3500,Box Religious Corp.
Jessica,Johnson,jessica.johnson21@hotmail.com,(388) 834-4289,Do If Group
Jack,Savage,jack.savage67@film.com,(964) 184-1905,Film Its Group
Donna,Lawrence,donna.lawrence5562@yahoo.com,(863) 169-1069,Reveal Among Solutions
James,Nguyen,james.nguyen194@step.com,(716) 964-8212,Step Nearly Technologies
Ryan,Howard,ryan.howard7782@health.com,(374) 361-7990,Health Site Technologies
Sarah,Wheeler,sarah.wheeler84@out.com,(788) 269-3676,Out Enter Ltd.
Victoria,Miller,victoria.miller2852@yahoo.com,(281) 968-5628,School Building Ltd.
Anthony,Cooper,anthony.cooper8897@tough.com,(877) 400-3379,Tough Less Inc.
Traci,Snyder,traci.snyder29@business.net,(431) 788-3216,Dark Form Ltd.
Samuel,Sullivan,samuel.sullivan68@gmail.com,(426) 415-9846,Black Couple Inc.
Kristin,Foster,kristin.foster375@yahoo.com,(361) 973-2375,National Dog Solutions
Kenneth,Hughes,kenneth.hughes31@gmail.com,(784) 731-9090,Old Truth Ltd.
Charlotte,Tucker,charlotte.tucker754@community.com,(199) 486-3763,Community War LLC
Samuel,Douglas,samuel.douglas322@hotmail.com,(301) 969-9092,What Later Group
David,Morrison,david.morrison430@especially.com,(231) 989-1693,Especially Organization Group
Hector,Gould,hector.gould481@short.com,(189) 515-3599,Short Director Corp.
Gerald,Booth,gerald.booth54@girl.com,(530) 901-9105,Girl Believe LLC
Kevin,Young,kevin.young9043@business.net,(961) 765-3320,Reveal Business Inc.
Christopher,Richardson,christopher.richardson19@hotmail.com,(990) 930-8999,Black Couple Inc.
Alexandra,Lucas,alexandra.lucas06@chair.com,(332) 270-7316,Chair Recently Solutions
Carol,Dyer,carol.dyer95@child.com,(599) 239-1881,Child Simple Technologies
Julie,Lewis,julie.lewis82@hotmail.com,(412) 753-7736,Surface Evening LLC
Noah,Smith,noah.smith168@gmail.com,(337) 553-9797,Leader Television Group
Andrew,Mitchell,andrew.mitchell85@hotmail.com,(704) 816-1409,Outside These Inc.
Tom,Garza,tom.garza12@outlook.com,(386) 533-5671,Win Beyond Inc.
Stephanie,Austin,stephanie.austin680@outlook.com,(236) 166-2998,Bank Affect Ltd.
Brian,Miller,brian.miller550@outlook.com,(853) 980-2941,His Last Inc.
Emily,Simmons,emily.simmons3521@outlook.com,(870) 874-6356,Perform Bed Solutions
Brian,Stevens,brian.stevens248@business.net,(564) 428-3873,Carry Discuss Solutions
Stephen,Wilson,stephen.wilson74@gmail.com,(469) 909-9664,Church Present Ltd.
Richard,Adkins,richard.adkins27@hotmail.com,(754) 163-1180,Price Forward Solutions
Anthony,Khan,anthony.khan6165@service.com,(548) 537-8662,Service Church Group
Shari,Webster,shari.webster325@yahoo.com,(947) 903-7989,Reveal Girl Inc.
Jorge,Evans,jorge.evans1577@gmail.com,(593) 394-7693,Would Perform Group
Melissa,Fry,melissa.fry8568@hotmail.com,(881) 908-9287,Democratic Evidence LLC
Joshua,Stewart,joshua.stewart1344@business.net,(692) 664-3726,Together Professor Inc.
Matthew,Barber,matthew.barber13@outlook.com,(533) 834-3936,Medical People Corp.
Eric,Woods,eric.woods30@include.com,(183) 257-4998,Include How LLC
Julie,Hancock,julie.hancock67@toward.com,(828) 462-7798,Toward Religious Ltd.
Paul,Wilkins,paul.wilkins6668@learn.com,(644) 157-9998,Learn Require Ltd.
Jonathan,Jones,jonathan.jones764@yahoo.com,(660) 660-7229,Score She Solutions
Brandon,Carson,brandon.carson64@animal.com,(392) 724-6618,Animal Person Corp.
Samantha,Smith,samantha.smith7127@arm.com,(496) 666-3960,Arm Participant Group
Ana,Gonzalez,ana.gonzalez90@outlook.com,(470) 874-1382,Toward Religious Ltd.
Isaiah,Burns,isaiah.burns0094@outlook.com,(706) 103-1951,Able Whose Group
Ruth,English,ruth.english74@hotmail.com,(299) 749-8682,Skin Apply Technologies
Bryan,Hughes,bryan.hughes430@leader.com,(929) 205-6252,Leader Television Group
Michael,Anderson,michael.anderson828@kid.com,(178) 967-1368,Kid Own Technologies
Cynthia,Perez,cynthia.perez7077@hard.com,(960) 163-1506,Hard Order Technologies
Joann,Ortiz,joann.ortiz521@age.com,(953) 714-7782,Age Defense Solutions
Aaron,Allen,aaron.allen5986@outlook.com,(568) 676-1894,Article Agent Solutions
Marcus,Mcclure,marcus.mcclure0994@know.com,(176) 492-9632,Know At Inc.
Ryan,Thomas,ryan.thomas01@gmail.com,(963) 562-3519,Work Agreement Inc.
Donald,Romero,donald.romero80@have.com,(827) 648-6235,Have Best Corp.
Brittany,Woodward,brittany.woodward356@business.net,(759) 470-6518,Physical Have Inc.
Sean,Bennett,sean.bennett9656@month.com,(734) 763-8120,Month Address Group
Thomas,Campbell,thomas.campbell19@live.com,(124) 770-8767,Live Fight Solutions
Leah,Thompson,leah.thompson713@health.com,(759) 795-3442,Health Site Technologies
Willie,Campbell,willie.campbell098@night.com,(814) 860-5783,Night Program Technologies
Rachel,Kelly,rachel.kelly3645@business.net,(159) 594-6101,Mouth Know Ltd.
Charles,Hickman,charles.hickman76@approach.com,(864) 206-8369,Approach Feeling Ltd.
Thomas,Vargas,thomas.vargas9201@gmail.com,(764) 167-6335,House Hit Corp.
Brian,Mcdonald,brian.mcdonald490@yahoo.com,(557) 584-6187,Nature Arrive Technologies
Dean,Diaz,dean.diaz0937@business.net,(928) 833-6630,Person And Solutions
Amy,Robertson,amy.robertson61@yahoo.com,(566) 219-2741,Outside These Inc.
Jacob,Neal,jacob.neal358@business.net,(608) 754-9242,Outside Down Solutions
Donna,Shea,donna.shea014@close.com,(282) 768-9150,Close Room Ltd.
Amy,Lozano,amy.lozano7176@business.net,(920) 857-7460,Indicate Use Group
Ariel,Jones,ariel.jones651@outlook.com,(615) 146-9080,Note Continue Technologies
Randy,Soto,randy.soto5319@outlook.com,(326) 888-5778,Most Place Ltd.
Megan,Higgins,megan.higgins98@outlook.com,(661) 855-3276,Player Why Technologies
Robert,Harris,robert.harris0284@choose.com,(664) 406-3233,Choose Lay Group
Angela,Wagner,angela.wagner39@yahoo.com,(463) 402-6424,Mission Behind Ltd.
Timothy,Sullivan,timothy.sullivan2321@outside.com,(713) 752-3871,Outside Down Solutions
Robert,Mcbride,robert.mcbride79@yahoo.com,(151) 826-7246,Big Main Technologies
Alexander,Mccarthy,alexander.mccarthy42@yahoo.com,(476) 182-2185,Program Third Ltd.
Ashley,Rodriguez,ashley.rodriguez40@explain.com,(240) 237-2626,Explain President Corp.
Tim,Williams,tim.williams994@environment.com,(450) 891-1437,Environment Gas Inc.
Corey,Martin,corey.martin74@outlook.com,(809) 425-2071,Win Beyond Inc.
Jeffrey,Wood,jeffrey.wood08@hotmail.com,(256) 819-1860,Nature Arrive Technologies
Tanner,Taylor,tanner.taylor400@yahoo.com,(177) 322-7505,Big Sound Corp.
Alejandra,Young,alejandra.young761@cup.com,(335) 891-1051,Cup Yet Inc.
Sonya,Rivera,sonya.rivera887@national.com,(394) 265-7060,National Dog Solutions
Gerald,King,gerald.king10@outlook.com,(849) 842-1472,Join Mrs LLC
Melinda,Reed,melinda.reed40@hold.com,(571) 504-6802,Hold Organization Solutions
Holly,Morse,holly.morse7190@large.com,(220) 980-7188,Large Open Solutions
Antonio,Miller,antonio.miller8599@case.com,(236) 459-9789,Case Half Solutions
Aaron,Davis,aaron.davis4591@outlook.com,(501) 617-8590,Church Present Ltd.
Douglas,Singh,douglas.singh1531@film.com,(660) 345-3839,Film Its Group
Megan,Patterson,megan.patterson1469@store.com,(140) 637-5497,Store Task Ltd.
Brenda,Moody,brenda.moody252@here.com,(508) 822-2180,Here Safe Inc.
Billy,Owens,billy.owens654@business.net,(111) 981-9768,Prove Ability Ltd.
Monique,Rogers,monique.rogers65@yahoo.com,(303) 890-9857,Maintain That Ltd.
Anthony,Sampson,anthony.sampson766@animal.com,(237) 593-9695,Animal Person Corp.
Shannon,Holland,shannon.holland29@outlook.com,(156) 231-2950,Factor Fund LLC
Casey,Smith,casey.smith58@hotmail.com,(847) 111-8431,Table Service Technologies
Lori,Rodriguez,lori.rodriguez35@business.net,(286) 100-2735,Join Mrs LLC
Marcus,Walker,marcus.walker424@outlook.com,(134) 790-3330,Ask Partner Inc.
Deborah,Valdez,deborah.valdez7109@gmail.com,(376) 218-4944,Consumer President Ltd.
Annette,Thompson,annette.thompson017@discuss.com,(372) 278-6384,Discuss Answer Solutions
Nicole,Ramos,nicole.ramos889@yahoo.com,(810) 343-6442,Sister Market Corp.
Angela,Coleman,angela.coleman28@adult.com,(558) 603-8009,Adult Suggest LLC
Mariah,Patterson,mariah.patterson1157@move.com,(688) 485-2288,Move Stand LLC
Eric,Johnson,eric.johnson109@gmail.com,(271) 500-5650,Step Nearly Technologies
Frank,Smith,frank.smith452@outlook.com,(872) 826-2879,There Your Group
Michael,Wright,michael.wright35@yahoo.com,(122) 256-8880,Whole Item Technologies
Luis,Mitchell,luis.mitchell8825@democratic.com,(398) 645-7161,Democratic Evidence LLC
Nicole,Burgess,nicole.burgess4849@outlook.com,(957) 614-2975,Reveal Girl Inc.
Timothy,Cook,timothy.cook36@world.com,(163) 222-9076,World Wife LLC
Michelle,Martinez,michelle.martinez686@market.com,(345) 354-1711,Market Important LLC
Jonathan,Smith,jonathan.smith125@outlook.com,(839) 614-8052,Have Itself Ltd.
Kristin,Harris,kristin.harris6158@hotmail.com,(699) 927-1508,Evening It Technologies
Jennifer,Smith,jennifer.smith02@gmail.com,(404) 354-1778,Reason Offer Solutions
Beverly,Potter,beverly.potter626@business.net,(517) 987-5840,Score She Solutions
Loretta,Walker,loretta.walker324@trip.com,(705) 649-6871,Trip Offer Group
George,Clayton,george.clayton84@gmail.com,(143) 213-8260,Film Its Group
Garrett,Lane,garrett.lane367@image.com,(890) 606-9961,Image Together Technologies
Beth,Prince,beth.prince65@gmail.com,(855) 736-9865,Already Power LLC
Joshua,Stein,joshua.stein27@toward.com,(445) 493-9957,Toward Exist Inc.
Jackson,Hill,jackson.hill98@hotmail.com,(624) 401-9848,What Later Group
George,Sherman,george.sherman2631@past.com,(363) 272-1663,Past Stop Corp.
Alec,Hines,alec.hines2764@picture.com,(972) 736-6259,Picture Along Ltd.
Justin,Morgan,justin.morgan0467@hotmail.com,(248) 403-1210,Surface Evening LLC
Ronald,Rose,ronald.rose0289@minute.com,(924) 114-8145,Minute Level Technologies
Kylie,Cook,kylie.cook01@hotmail.com,(373) 693-1664,Case Half Solutions
Lauren,Yang,lauren.yang0957@business.net,(219) 865-1156,Hit Run Solutions
Michael,Trevino,michael.trevino6135@yahoo.com,(610) 146-8302,Throw Real Technologies
Scott,Turner,scott.turner5038@hear.com,(227) 257-1500,Hear Ok Technologies
Keith,Hernandez,keith.hernandez46@yahoo.com,(151) 970-4041,Arm Participant Group
Michael,Dunn,michael.dunn732@business.net,(948) 645-5501,To Ago Corp.
Dawn,Jones,dawn.jones39@employee.com,(651) 648-1156,Employee Partner Group
James,Franklin,james.franklin59@maintain.com,(523) 956-4139,Maintain That Ltd.
Mark,Obrien,mark.obrien266@store.com,(755) 235-2583,Store Task Ltd.
William,Dean,william.dean11@improve.com,(820) 232-1671,Improve Present Inc.
Samantha,Marshall,samantha.marshall846@yahoo.com,(355) 666-5452,Dinner Move Solutions
Miguel,Torres,miguel.torres1645@gmail.com,(201) 171-9921,Person And Solutions
Paula,Allen,paula.allen47@outlook.com,(439) 616-9517,Adult Suggest LLC
Nicole,Scott,nicole.scott69@hotmail.com,(758) 622-1000,Manage Detail Solutions
Patricia,White,patricia.white374@especially.com,(177) 989-3094,Especially Organization Group
John,Allen,john.allen8724@line.com,(958) 908-7355,Line Conference Group
Jessica,Jensen,jessica.jensen461@onto.com,(144) 611-7274,Onto Event Solutions
Jerry,Contreras,jerry.contreras1117@outlook.com,(945) 909-2985,See Bed Corp.
Adam,Phillips,adam.phillips8273@outlook.com,(495) 378-8828,Commercial Site Solutions
Brenda,Johnson,brenda.johnson80@yahoo.com,(692) 103-2602,Officer Rate Group
Carl,White,carl.white690@go.com,(547) 371-2628,Go Real Solutions
David,Wright,david.wright809@yahoo.com,(434) 160-9965,Reason Offer Solutions
Sarah,Harris,sarah.harris777@business.net,(571) 343-6264,Low Table Corp.
Stephen,Jimenez,stephen.jimenez2809@outlook.com,(517) 977-6784,Task General Technologies
Jessica,Cantu,jessica.cantu8994@level.com,(167) 436-3861,Level First LLC
Bianca,Williams,bianca.williams017@gmail.com,(865) 455-8093,Box Religious Corp.
Marie,Hunter,marie.hunter37@yahoo.com,(286) 328-3202,Would Perform Group
Christina,Allen,christina.allen2571@outlook.com,(323) 230-2930,Great Travel Inc.
Roberto,Diaz,roberto.diaz631@outlook.com,(265) 774-2116,Water Administration Technologies
William,Christian,william.christian613@result.com,(949) 426-5488,Result Across Technologies
Erin,Rivera,erin.rivera56@outlook.com,(182) 355-6545,Economy Already Corp.
Jenna,Brady,jenna.brady779@like.com,(997) 544-9868,Like Animal Ltd.
Mary,Curtis,mary.curtis6923@hand.com,(575) 923-8339,Hand Upon Solutions
Susan,Davis,susan.davis5512@yahoo.com,(724) 406-6203,Then Lay Technologies
Anne,Roberson,anne.roberson2454@work.com,(267) 415-2311,Work Agreement Inc.
Amy,Miller,amy.miller0155@perform.com,(977) 233-1845,Perform Them Corp.
Michele,Thomas,michele.thomas10@business.net,(985) 575-5019,Us Morning Group
Haley,English,haley.english16@business.net,(112) 399-2575,Oil Especially Corp.
Jeremy,Miles,jeremy.miles55@lawyer.com,(585) 910-5631,Lawyer National Technologies
Brianna,Smith,brianna.smith01@heavy.com,(904) 863-5747,Heavy Easy Inc.
Lisa,Thompson,lisa.thompson2057@business.net,(806) 745-1134,Suffer Name Ltd.
Loretta,Gomez,loretta.gomez2747@hotmail.com,(911) 387-6665,Join Mrs LLC
Gerald,Ramirez,gerald.ramirez39@outlook.com,(744) 947-6572,None Paper Corp.
Larry,Jones,larry.jones7745@defense.com,(616) 112-5698,Defense Next Inc.
James,Hogan,james.hogan936@hotmail.com,(339) 546-1524,Reveal Recently Corp.
Dominique,Atkinson,dominique.atkinson2543@hotmail.com,(685) 463-2003,Image Together Technologies
Keith,Williams,keith.williams220@yahoo.com,(207) 574-9391,Live Fight Solutions
Stacey,Johnston,stacey.johnston29@outlook.com,(820) 697-7928,His Indicate Inc.
Donna,Garcia,donna.garcia1513@person.com,(603) 763-3903,Person And Solutions
Daniel,Jackson,daniel.jackson43@hotmail.com,(932) 764-8237,Present Health Technologies
Jacob,Stewart,jacob.stewart1508@outlook.com,(338) 496-8598,Pass Down Group
Robert,Lucas,robert.lucas28@history.com,(755) 111-6408,History Seek Technologies
Priscilla,Perry,priscilla.perry46@business.net,(222) 315-2937,To Ago Corp.
Christopher,Moreno,christopher.moreno0996@business.net,(146) 414-6132,Pick Become Corp.
Robert,Johnson,robert.johnson874@outlook.com,(575) 791-6170,His Last Inc.
Travis,Santos,travis.santos02@ability.com,(255) 425-8794,Ability White Group
Patricia,Thomas,patricia.thomas27@mr.com,(957) 699-3877,Mr Night Corp.
Nancy,Lopez,nancy.lopez16@floor.com,(693) 354-3390,Floor Under Corp.
Thomas,Robinson,thomas.robinson5702@yahoo.com,(246) 738-4048,Month Address Group
Mary,Murillo,mary.murillo1773@yahoo.com,(302) 621-4078,Able Whose Group
Kenneth,Chapman,kenneth.chapman20@outlook.com,(605) 836-4466,Tv Stand Corp.
Joshua,Edwards,joshua.edwards391@business.net,(913) 490-5469,Choose Lay Group
James,Knight,james.knight21@officer.com,(396) 909-9132,Officer Rate Group
Carla,Watkins,carla.watkins1493@you.com,(279) 942-7037,You Hot Ltd.
Tracy,Wallace,tracy.wallace40@business.net,(112) 167-5042,Low Table Corp.
Jerome,Smith,jerome.smith38@outlook.com,(719) 723-4053,Picture Along Ltd.
Scott,Thomas,scott.thomas080@outlook.com,(238) 405-5441,Best Mr Solutions
James,Miranda,james.miranda4275@board.com,(504) 264-7364,Board These LLC
Susan,Ball,susan.ball404@outlook.com,(170) 588-1875,Him History LLC
Roger,Wilson,roger.wilson261@outlook.com,(504) 563-3287,To Ago Corp.
Michael,Sharp,michael.sharp328@yahoo.com,(213) 289-5078,Reveal Business Inc.
Jennifer,Knapp,jennifer.knapp857@here.com,(842) 299-7418,Here Safe Inc.
Joshua,Choi,joshua.choi2451@business.net,(332) 187-6075,Section Coach Solutions
Gary,Kerr,gary.kerr2017@business.net,(555) 482-1890,Light Seven Solutions
Thomas,Martin,thomas.martin226@gmail.com,(475) 872-7795,See Door Inc.
Derrick,Ford,derrick.ford740@yahoo.com,(941) 633-3008,Option Represent Corp.
Kimberly,Torres,kimberly.torres557@however.com,(457) 314-8855,However Total Group
Matthew,Koch,matthew.koch69@outlook.com,(287) 333-3830,Start Continue Corp.
Rachel,Nelson,rachel.nelson871@gmail.com,(131) 383-4056,Important Executive Solutions
Nicholas,Anderson,nicholas.anderson85@business.net,(796) 541-8136,Start Continue Corp.
Kathy,Bishop,kathy.bishop07@result.com,(838) 837-2043,Result Across Technologies
Ashley,House,ashley.house140@toward.com,(871) 872-9662,Toward Exist Inc.
Tara,Allen,tara.allen598@business.net,(294) 760-4011,His Certain Technologies
Maria,Williams,maria.williams3169@hotmail.com,(316) 713-5343,Compare Each Corp.
Sherry,Wong,sherry.wong348@probably.com,(665) 264-9303,Probably Dream LLC
Terri,Hughes,terri.hughes49@because.com,(936) 605-8057,Because Draw Ltd.
Jason,Howard,jason.howard04@affect.com,(966) 610-5197,Affect Analysis Ltd.
Annette,Jackson,annette.jackson78@include.com,(437) 725-6941,Include How LLC
Robert,Frye,robert.frye48@gmail.com,(242) 863-3216,International Tree LLC
Douglas,Callahan,douglas.callahan2894@gmail.com,(414) 329-5192,Movie Single Group
Rebecca,Forbes,rebecca.forbes03@hotmail.com,(281) 484-5903,Question World LLC
Aaron,Miranda,aaron.miranda53@yahoo.com,(412) 819-3974,Tv Factor Technologies
Erin,Dominguez,erin.dominguez4368@business.net,(433) 978-2732,Practice Mention Group
Tiffany,Chapman,tiffany.chapman9990@gmail.com,(795) 262-4375,Provide Resource Inc.
Paul,Collins,paul.collins6319@yahoo.com,(552) 991-1625,Then Lay Technologies
Stephen,Ramirez,stephen.ramirez17@government.com,(389) 537-2064,Government Along LLC
Kaitlin,Gill,kaitlin.gill956@outlook.com,(950) 608-4812,Surface Evening LLC
Destiny,Baker,destiny.baker25@experience.com,(985) 872-9239,Experience Grow Group
Kathy,Bush,kathy.bush192@indicate.com,(530) 732-5957,Indicate Use Group
Kelly,Hall,kelly.hall73@gmail.com,(385) 544-4423,Him History LLC
Shelby,Cooper,shelby.cooper6801@yahoo.com,(711) 323-7433,Now Thank Corp.
Joshua,Vega,joshua.vega40@outlook.com,(830) 713-3302,Bit West Group
Tina,Todd,tina.todd472@international.com,(195) 592-5879,International Tree LLC
Kelsey,Peters,kelsey.peters669@whole.com,(121) 222-2750,Whole Item Technologies
Victoria,Li,victoria.li380@sister.com,(170) 325-7690,Sister Market Corp.
Evan,Gillespie,evan.gillespie740@yahoo.com,(849) 582-6938,Prove Ability Ltd.
Pamela,Zuniga,pamela.zuniga2972@gmail.com,(228) 209-3530,Table Service Technologies
Charles,Chen,charles.chen676@what.com,(361) 391-5398,What Later Group
Andrew,Brown,andrew.brown484@outlook.com,(951) 400-7322,Shake Include Corp.
Richard,Brown,richard.brown27@gmail.com,(387) 426-9718,Store Task Ltd.
Brett,Reynolds,brett.reynolds1798@business.net,(578) 958-1895,Stage Win LLC
Peter,Perez,peter.perez70@physical.com,(650) 350-4316,Physical Have Inc.
Robert,Perez,robert.perez5715@minute.com,(191) 754-3391,Minute Level Technologies
Pamela,Moran,pamela.moran697@business.net,(293) 938-7882,Leader Television Group
Susan,Taylor,susan.taylor7882@discuss.com,(291) 935-5012,Discuss Answer Solutions
Linda,Dickson,linda.dickson94@yahoo.com,(640) 961-9875,Pick Peace Ltd.
Melinda,Jenkins,melinda.jenkins15@everyone.com,(106) 369-6473,Everyone Natural Solutions
Samantha,Brown,samantha.brown443@gmail.com,(490) 268-7539,However Total Group
Angelica,Wang,angelica.wang05@security.com,(541) 366-7146,Security Individual LLC
Sherri,Roberts,sherri.roberts657@movie.com,(740) 967-6318,Movie Single Group
Mark,Mcknight,mark.mcknight30@board.com,(133) 798-8719,Board These LLC
Larry,Jones,larry.jones11@different.com,(697) 311-8824,Different With LLC
Michael,Davis,michael.davis403@business.net,(342) 554-1177,Economy Already Corp.
Christopher,Gonzalez,christopher.gonzalez11@hotmail.com,(301) 700-6157,Level First LLC
Nichole,Ford,nichole.ford911@best.com,(836) 399-1931,Best Mr Solutions
Jonathan,Clark,jonathan.clark32@yahoo.com,(801) 632-9894,Door Thus Solutions
Monica,Moran,monica.moran541@hotmail.com,(625) 523-7571,Receive Economic LLC
John,Anderson,john.anderson6107@hotmail.com,(483) 141-9808,Meeting Account Group
Seth,Simmons,seth.simmons724@lose.com,(461) 712-8856,Lose Despite Technologies
Troy,Stanley,troy.stanley1807@outlook.com,(398) 552-6306,Amount Instead Ltd.
Charles,Johnson,charles.johnson3572@myself.com,(430) 102-6384,Myself Small Corp.
Frank,Sullivan,frank.sullivan5781@gmail.com,(879) 563-5391,Account Key Technologies
Cathy,Smith,cathy.smith4432@yahoo.com,(182) 737-7712,Price Forward Solutions
Cathy,Smith,cathy.smith4432@yahoo.com,(731) 591-1544,Price Forward Solutions
Kimberly,Anderson,kimberly.anderson047@yahoo.com,(134) 448-3790,Live Fight Solutions
Glen,Hughes,glen.hughes517@business.net,(463) 783-9352,Policy Yourself Ltd.
Regina,Harding,regina.harding2209@yahoo.com,(860) 226-8437,Picture Along Ltd.
Eric,Rodriguez,eric.rodriguez6582@move.com,(678) 472-6686,Move Stand LLC
Teresa,Hernandez,teresa.hernandez70@hotmail.com,(950) 204-1866,Person And Solutions
William,Johnson,william.johnson05@water.com,(893) 640-6175,Water Administration Technologies
Tara,Hall,tara.hall8373@hotmail.com,(858) 837-9467,Choose Lay Group
Adam,Smith,adam.smith7638@business.net,(774) 472-2380,Face Enter Ltd.
Andrew,Nicholson,andrew.nicholson4944@outlook.com,(380) 259-4253,Partner Expect Inc.
Kevin,Nunez,kevin.nunez05@talk.com,(195) 604-2468,Talk Sometimes Group
David,Hall,david.hall30@movie.com,(583) 508-2738,Movie Single Group
Jonathan,Pena,jonathan.pena4822@yahoo.com,(134) 174-2203,Exactly Thing Technologies
Kevin,Young,kevin.young35@however.com,(594) 193-7069,However Total Group
Jenny,Peterson,jenny.peterson776@business.net,(177) 330-7359,Analysis Mind LLC
Andrew,Wilson,andrew.wilson929@positive.com,(170) 884-4348,Positive Small Corp.
Michael,Park,michael.park8197@girl.com,(878) 294-7800,Girl Believe LLC
Nicole,Collier,nicole.collier097@yahoo.com,(806) 987-8778,Mouth Know Ltd.
Steven,Adams,steven.adams839@now.com,(788) 899-7359,Now Thank Corp.
Kent,Farley,kent.farley514@yahoo.com,(393) 870-2714,Account Key Technologies
Ronald,Hoffman,ronald.hoffman85@outlook.com,(772) 482-4888,Meeting Account Group
Christina,Clark,christina.clark01@business.net,(958) 650-3522,Especially Organization Group
Carl,Pham,carl.pham820@outlook.com,(174) 912-3386,Send Building Inc.
Miranda,Long,miranda.long04@business.net,(174) 307-6654,Security Individual LLC
Jason,Davis,jason.davis34@business.net,(482) 194-2375,Economy Already Corp.
Katrina,Peters,katrina.peters000@outlook.com,(818) 166-1034,Cup But Inc.
Edward,Anderson,edward.anderson41@hotmail.com,(658) 611-5146,National Wide LLC
Kevin,Scott,kevin.scott995@kind.com,(404) 451-5226,Kind Memory Solutions
Kimberly,Daniel,kimberly.daniel524@gmail.com,(639) 841-6260,Experience Grow Group
Stephanie,Hall,stephanie.hall767@evening.com,(460) 391-4302,Evening It Technologies
Karen,Sullivan,karen.sullivan887@consumer.com,(685) 967-5023,Consumer President Ltd.
Robert,Hudson,robert.hudson162@toward.com,(202) 548-4256,Toward Director Inc.
Tanya,Ochoa,tanya.ochoa98@mission.com,(434) 389-6872,Mission Behind Ltd.
Kristina,Peterson,kristina.peterson3895@business.net,(169) 576-9055,Cup But Inc.
Jennifer,Tanner,jennifer.tanner724@yahoo.com,(530) 268-1054,Nearly Eye Corp.
Jennifer,Hall,jennifer.hall8489@gmail.com,(180) 957-5565,Ability White Group
Rachel,Willis,rachel.willis81@question.com,(867) 923-1662,Question World LLC
Robert,Todd,robert.todd848@outlook.com,(849) 388-7192,Continue Protect Technologies
Benjamin,Cortez,benjamin.cortez140@education.com,(134) 316-9970,Education Indeed Inc.
Scott,Reed,scott.reed206@business.net,(571) 691-7653,Toward Exist Inc.
Kevin,Phillips,kevin.phillips9254@outlook.com,(301) 553-4889,Maintain That Ltd.
Eric,Baldwin,eric.baldwin26@factor.com,(442) 207-4529,Factor Fund LLC
Brenda,Baker,brenda.baker0111@outlook.com,(278) 429-9050,Father Me Technologies
Sandra,Smith,sandra.smith23@matter.com,(979) 744-5808,Matter Water Corp.
Robert,Henderson,robert.henderson1078@account.com,(622) 292-3680,Account Key Technologies
Scott,Burke,scott.burke66@skin.com,(502) 724-3812,Skin Apply Technologies
Kenneth,Frazier,kenneth.frazier9986@business.net,(750) 658-2943,Southern Situation Inc.
Kevin,Elliott,kevin.elliott5276@yahoo.com,(262) 993-3421,Partner Expect Inc.
Antonio,Bridges,antonio.bridges669@gmail.com,(540) 890-8181,Small By Inc.
Tiffany,Garcia,tiffany.garcia1155@business.net,(441) 709-4957,Detail Different Technologies
Claire,Anderson,claire.anderson973@business.net,(125) 368-5208,Detail Different Technologies
Heather,Bonilla,heather.bonilla338@yahoo.com,(576) 543-4118,Hear Ok Technologies
Melissa,Collins,melissa.collins25@outlook.com,(426) 474-5039,Old Truth Ltd.
Steven,Webster,steven.webster5811@mouth.com,(456) 993-1679,Mouth Know Ltd.
Jason,Salazar,jason.salazar91@brother.com,(768) 503-7937,Brother Step Ltd.
Douglas,Delacruz,douglas.delacruz721@outlook.com,(301) 157-9888,We Drop Solutions
Taylor,Williams,taylor.williams62@practice.com,(967) 785-4557,Practice Mention Group
Heather,Cole,heather.cole62@business.net,(473) 930-1757,Girl Believe LLC
Robert,Sanchez,robert.sanchez1948@age.com,(559) 263-7272,Age Defense Solutions
Kelly,Hall,kelly.hall1320@include.com,(229) 431-1739,Include How LLC
Juan,Powell,juan.powell320@discuss.com,(395) 469-1878,Discuss Answer Solutions
James,Brown,james.brown55@yahoo.com,(109) 307-9520,Result Across Technologies
David,Johnson,david.johnson1793@forward.com,(703) 429-8438,Forward Pretty Corp.
Linda,Perry,linda.perry87@hotmail.com,(653) 698-9943,Score She Solutions
Jim,Hogan,jim.hogan26@yahoo.com,(758) 859-2954,Low Table Corp.
Julie,Tyler,julie.tyler0826@heavy.com,(161) 809-4889,Heavy Easy Inc.
Kellie,Anderson,kellie.anderson28@business.net,(771) 448-7542,Provide Resource Inc.
Samantha,Garcia,samantha.garcia87@business.net,(280) 662-1323,Hit Run Solutions
Clayton,Lee,clayton.lee3958@yahoo.com,(730) 319-8018,Note Continue Technologies
James,Wilkins,james.wilkins601@care.com,(225) 915-4353,Care May Inc.
Michelle,Murphy,michelle.murphy1555@factor.com,(938) 492-6302,Factor Fund LLC
Peter,Lee,peter.lee21@hotmail.com,(360) 974-1365,Prove Quickly LLC
Margaret,Martinez,margaret.martinez71@hotmail.com,(583) 974-1028,Exactly Thing Technologies
Laurie,Wilson,laurie.wilson465@business.net,(143) 161-4224,Have Best Corp.
Ashley,King,ashley.king3426@business.net,(914) 776-9588,Model Should LLC
Charles,Hurst,charles.hurst361@yahoo.com,(339) 513-3840,International Tree LLC
Evelyn,Duncan,evelyn.duncan100@business.net,(148) 113-8370,Important Executive Solutions
Alex,Thomas,alex.thomas0426@business.net,(318) 373-9020,Air Need Ltd.
Jonathan,Shah,jonathan.shah01@outlook.com,(610) 127-9063,Church Present Ltd.
Robert,Burns,robert.burns617@gmail.com,(648) 234-1273,Road Drive Solutions
Kayla,Beard,kayla.beard824@hotmail.com,(730) 203-7648,New Debate Technologies
Gabriela,Donaldson,gabriela.donaldson704@business.net,(198) 599-4475,However Total Group
Jennifer,Brown,jennifer.brown18@green.com,(348) 575-1712,Green Consumer Group
Laura,Townsend,laura.townsend18@medical.com,(298) 267-6902,Medical People Corp.
James,Dean,james.dean861@already.com,(107) 884-2697,Already Power LLC
Amber,Alvarez,amber.alvarez320@yahoo.com,(346) 378-7680,Hot Clearly Inc.
Frank,Wheeler,frank.wheeler56@provide.com,(866) 940-5375,Provide Resource Inc.
Maria,Gray,maria.gray06@business.net,(724) 717-4292,If Though LLC
Michael,Skinner,michael.skinner2167@government.com,(268) 497-3901,Government Page Technologies
David,Ruiz,david.ruiz1550@reason.com,(407) 656-8235,Reason Offer Solutions
Evelyn,Schultz,evelyn.schultz82@gmail.com,(178) 288-1362,Their Make Group
James,Collins,james.collins1492@cup.com,(796) 387-2335,Cup Yet Inc.
Jonathan,Carney,jonathan.carney046@best.com,(465) 142-1047,Best Moment Group
Norman,Walter,norman.walter6524@child.com,(410) 854-3433,Child Simple Technologies
Sarah,Mann,sarah.mann160@yahoo.com,(402) 758-8438,Line Conference Group
Karen,Stone,karen.stone744@brother.com,(911) 930-2500,Brother Step Ltd.
Louis,Woodard,louis.woodard497@opportunity.com,(607) 643-8791,Opportunity City Corp.
Robin,Allen,robin.allen421@gmail.com,(980) 287-5591,Manage Detail Solutions
Scott,Rogers,scott.rogers66@hotmail.com,(407) 327-9437,Church Present Ltd.
Charles,Johnson,charles.johnson2946@price.com,(625) 400-3834,Price Forward Solutions
Joseph,Collins,joseph.collins27@yahoo.com,(906) 351-3495,Experience Grow Group
Samantha,Prince,samantha.prince0160@defense.com,(725) 856-9868,Defense Next Inc.
Alicia,Moreno,alicia.moreno923@gmail.com,(695) 306-2467,Require Thought Corp.
Norma,Gross,norma.gross2150@outlook.com,(640) 506-6097,So However Inc.
Darlene,Gomez,darlene.gomez49@outlook.com,(921) 559-6743,Carry Discuss Solutions
Robert,Johnson,robert.johnson143@result.com,(134) 557-1110,Result Across Technologies
Rachel,Jones,rachel.jones919@yahoo.com,(474) 888-4188,Throughout Reduce Corp.
Summer,Jackson,summer.jackson92@authority.com,(749) 346-3694,Authority Education LLC
Renee,Henderson,renee.henderson1826@gmail.com,(176) 879-6663,Others Also Technologies
Karen,Coleman,karen.coleman4974@outlook.com,(622) 336-4944,National Wide LLC
Stephanie,Russell,stephanie.russell3533@gmail.com,(323) 271-6657,Mind Key Ltd.
Emily,Morales,emily.morales88@pass.com,(737) 900-5279,Pass Down Group
Christopher,Joyce,christopher.joyce448@outlook.com,(553) 822-8057,Short Director Corp.
Mark,Davies,mark.davies954@continue.com,(640) 181-9498,Continue Protect Technologies
Cynthia,Walsh,cynthia.walsh5182@but.com,(556) 176-1761,But Above Inc.
Brenda,Williams,brenda.williams174@now.com,(869) 756-8573,Now Thank Corp.
Amanda,Johnson,amanda.johnson778@business.net,(404) 701-1518,Picture Along Ltd.
Daniel,Lane,daniel.lane246@gmail.com,(149) 689-8814,Arm Participant Group
Michael,Maddox,michael.maddox319@gmail.com,(249) 599-4590,Analysis Mind LLC
John,King,john.king5859@care.com,(757) 836-7997,Care May Inc.
Kimberly,Douglas,kimberly.douglas92@yahoo.com,(302) 437-7462,Work Agreement Inc.
Troy,Reid,troy.reid0941@board.com,(735) 789-1045,Board These LLC
Angela,Perez,angela.perez16@hotmail.com,(326) 891-2697,Whole Item Technologies
Shelby,Peterson,shelby.peterson56@gmail.com,(246) 755-7369,Sister Whose Ltd.
Keith,Ramos,keith.ramos5814@physical.com,(721) 822-4518,Physical Have Inc.
Duane,Willis,duane.willis10@outlook.com,(700) 792-1536,What Later Group
Crystal,Fuller,crystal.fuller92@memory.com,(753) 471-9081,Memory Place Ltd.
Jessica,Rose,jessica.rose53@business.net,(882) 602-5654,Newspaper Policy LLC
Christopher,Hammond,christopher.hammond228@yahoo.com,(537) 706-9244,Short Director Corp.
Jocelyn,Martinez,jocelyn.martinez805@business.net,(324) 577-8597,Suffer Name Ltd.
Jacob,Gillespie,jacob.gillespie6078@gmail.com,(426) 231-9123,Talk Sometimes Group
Isaiah,Howard,isaiah.howard5315@gmail.com,(122) 787-1166,Audience Surface Solutions
Patricia,Tran,patricia.tran08@church.com,(659) 557-9482,Church Present Ltd.
Brooke,Avila,brooke.avila5350@indicate.com,(296) 503-1557,Indicate Individual LLC
Deborah,Herrera,deborah.herrera0389@myself.com,(235) 414-6262,Myself Small Corp.
Andrea,Hernandez,andrea.hernandez20@evidence.com,(710) 875-1636,Evidence Similar Inc.
Hayley,Campbell,hayley.campbell0310@perform.com,(913) 216-6343,Perform Them Corp.
Ryan,Howard,ryan.howard7782@health.com,(573) 421-4843,Health Site Technologies
Connie,Scott,connie.scott1593@detail.com,(599) 750-3264,Detail Different Technologies
Robin,Lucas,robin.lucas00@gmail.com,(999) 979-3112,Like Animal Ltd.
Karina,Le,karina.le85@model.com,(163) 988-8627,Model Should LLC
Stephen,Pugh,stephen.pugh678@hotmail.com,(537) 853-1408,Treat Space Technologies
Ronald,Spence,ronald.spence81@mr.com,(465) 946-9969,Mr Discover Group
Angela,Brown,angela.brown023@hotmail.com,(266) 316-7443,Able Could Technologies
Ronald,Escobar,ronald.escobar091@hotmail.com,(323) 913-4521,Word Event Group
Andre,Nichols,andre.nichols61@business.net,(725) 966-4925,Church Material Solutions
Rebecca,Williams,rebecca.williams50@outlook.com,(803) 675-6568,Finish When LLC
Eric,Sanders,eric.sanders1353@gmail.com,(252) 227-2458,Provide Resource Inc.
Morgan,Mitchell,morgan.mitchell442@most.com,(641) 153-8611,Most Place Ltd.
Ashley,Garrett,ashley.garrett1932@gmail.com,(839) 535-5805,Maintain That Ltd.
Zachary,Johnson,zachary.johnson9392@gmail.com,(835) 405-5648,Together Professor Inc.
Susan,Mckay,susan.mckay94@outlook.com,(502) 589-8619,See Door Inc.
Sherry,Blake,sherry.blake41@yahoo.com,(234) 922-3540,Over Production Group
Ralph,Webb,ralph.webb5211@gmail.com,(338) 528-5711,Compare Each Corp.
Christine,Kelley,christine.kelley09@like.com,(423) 162-1320,Like Animal Ltd.
Angela,Lewis,angela.lewis397@outlook.com,(297) 348-6962,Option Represent Corp.
Katrina,Conrad,katrina.conrad639@yahoo.com,(674) 435-9062,Election Fear LLC
Kathleen,Garcia,kathleen.garcia935@night.com,(267) 385-4210,Night Pull Group
Leslie,Chaney,leslie.chaney5282@yahoo.com,(184) 160-3611,Affect Analysis Ltd.
Tammy,Cooke,tammy.cooke21@gmail.com,(882) 699-8806,Explain President Corp.
Mallory,Washington,mallory.washington884@yahoo.com,(496) 836-3124,Because Draw Ltd.
Kristin,Gutierrez,kristin.gutierrez28@hotmail.com,(951) 348-2027,Memory Place Ltd.
Nancy,Wood,nancy.wood1450@hard.com,(583) 987-2375,Hard Order Technologies
Sandra,Coleman,sandra.coleman8751@business.net,(303) 263-3590,Option Represent Corp.
Ryan,Patel,ryan.patel42@perform.com,(156) 912-4454,Perform Bed Solutions
Julie,Phillips,julie.phillips7744@range.com,(124) 978-4392,Range Work Technologies
Daniel,Davis,daniel.davis4729@business.net,(356) 301-9506,Now Thank Corp.
Chad,Figueroa,chad.figueroa6882@business.net,(636) 366-3921,Black Couple Inc.
Cynthia,Wheeler,cynthia.wheeler38@support.com,(983) 895-5444,Support Stock Technologies
Jaime,Day,jaime.day336@learn.com,(199) 847-8610,Learn Require Ltd.
Monique,Gutierrez,monique.gutierrez6059@hotmail.com,(616) 559-3677,Night Program Technologies
Charles,Dominguez,charles.dominguez7818@hotmail.com,(684) 717-7021,Water Administration Technologies
Jennifer,Rivera,jennifer.rivera6662@business.net,(494) 373-7068,His Certain Technologies
Peter,Wise,peter.wise8381@outlook.com,(856) 176-8593,Member Positive Technologies
Melissa,Murphy,melissa.murphy0560@southern.com,(838) 957-7246,Southern Situation Inc.
Mackenzie,Morris,mackenzie.morris647@hotmail.com,(851) 574-3628,Different With LLC
Tracy,Fleming,tracy.fleming817@outlook.com,(537) 960-8795,Already Power LLC
Audrey,Williamson,audrey.williamson5725@yahoo.com,(190) 773-5098,Choose Lay Group
Aaron,Sherman,aaron.sherman69@business.net,(274) 871-7864,Ago Best Corp.
Amanda,Lawson,amanda.lawson7452@move.com,(926) 786-9682,Move Stand LLC
Carol,Anderson,carol.anderson636@hotmail.com,(150) 658-4391,Economy Turn Ltd.
William,Greer,william.greer38@gmail.com,(670) 542-2688,Receive Economic LLC
Holly,Ponce,holly.ponce54@hotmail.com,(769) 591-7619,Mission Behind Ltd.
Kevin,Sanchez,kevin.sanchez351@reveal.com,(165) 494-1759,Reveal Business Inc.
Donna,Cox,donna.cox6494@business.net,(789) 627-7057,Big Sound Corp.
James,Garcia,james.garcia062@reveal.com,(408) 731-7132,Reveal Recently Corp.
Andrew,Chaney,andrew.chaney94@analysis.com,(970) 855-9788,Analysis Mind LLC
Robin,Scott,robin.scott5039@yahoo.com,(405) 671-2788,Compare Each Corp.
William,Hernandez,william.hernandez583@practice.com,(165) 292-7679,Practice Relationship Corp.
Stephen,Drake,stephen.drake512@outlook.com,(421) 843-2209,Measure Suggest Solutions
Megan,Roberts,megan.roberts785@business.net,(379) 768-9344,Main Right Group
Benjamin,Kelly,benjamin.kelly289@hotmail.com,(495) 895-1129,Firm Customer Technologies
Heather,Wood,heather.wood2693@detail.com,(459) 198-5795,Detail Different Technologies
Alex,Macdonald,alex.macdonald979@yahoo.com,(829) 720-2715,Maintain That Ltd.
Kathleen,Nguyen,kathleen.nguyen4887@big.com,(695) 289-5415,Big Main Technologies
Mark,Kirby,mark.kirby54@six.com,(988) 807-9594,Six Argue Technologies
Raymond,Jordan,raymond.jordan372@gmail.com,(141) 701-1347,Send Building Inc.
Robert,Mccarty,robert.mccarty87@place.com,(331) 421-5922,Place Event Corp.
John,Lutz,john.lutz292@gmail.com,(429) 151-4415,Best Mr Solutions
James,Walker,james.walker218@yahoo.com,(833) 278-2629,Beyond Art LLC
Andrew,Wright,andrew.wright21@outlook.com,(276) 812-7085,Brother Step Ltd.
Benjamin,Holt,benjamin.holt782@send.com,(202) 193-5088,Send Building Inc.
Gabriel,Flores,gabriel.flores1556@small.com,(479) 997-6757,Small By Inc.
Joseph,Evans,joseph.evans548@issue.com,(601) 253-7136,Issue Forward Corp.
Anthony,Nelson,anthony.nelson7218@yahoo.com,(464) 588-9367,Piece Room Inc.
Adrian,Michael,adrian.michael29@business.net,(125) 112-4880,Everything Behavior Inc.
Katie,Santos,katie.santos5085@gmail.com,(106) 194-7394,Upon Five Inc.
Allen,Jones,allen.jones046@throughout.com,(782) 986-9309,Throughout Reduce Corp.
Jessica,Moran,jessica.moran35@together.com,(822) 891-3562,Together Professor Inc.
Angela,Black,angela.black27@outlook.com,(703) 347-2438,Tv Stand Corp.
Taylor,Taylor,taylor.taylor778@light.com,(155) 451-6587,Light Seven Solutions
Robin,Dean,robin.dean3773@hotmail.com,(874) 379-8089,Wait Cause Ltd.
Leah,Gibson,leah.gibson533@authority.com,(648) 961-9423,Authority Area Ltd.
Nathaniel,Mills,nathaniel.mills66@business.net,(841) 438-2580,Toward Director Inc.
Crystal,Rivera,crystal.rivera9407@outlook.com,(392) 918-3788,Tv Factor Technologies
Mark,Johns,mark.johns49@hotmail.com,(758) 213-2824,Have Best Corp.
Tina,Castaneda,tina.castaneda385@outlook.com,(816) 765-7849,Analysis Mind LLC
James,Hawkins,james.hawkins193@hotmail.com,(521) 662-4201,Experience Grow Group
Jack,Johnson,jack.johnson5317@hotmail.com,(741) 787-4359,Hit Run Solutions
Tracy,Edwards,tracy.edwards93@yahoo.com,(540) 610-8791,Face Enter Ltd.
Tiffany,Johnson,tiffany.johnson18@outlook.com,(583) 956-6011,Big Main Technologies
Krystal,Powell,krystal.powell9380@gmail.com,(337) 150-9765,Hard Order Technologies
Robert,Diaz,robert.diaz6539@outlook.com,(603) 787-4287,Market Important LLC
James,Townsend,james.townsend1594@outlook.com,(734) 478-1601,Environment Director Technologies
Amanda,Burke,amanda.burke9142@school.com,(715) 177-7737,School Building Ltd.
Deborah,Martin,deborah.martin92@outlook.com,(910) 222-3298,Evidence Similar Inc.
Donald,Chandler,donald.chandler9846@gmail.com,(214) 713-3025,Happen Trip Solutions
Scott,Smith,scott.smith736@international.com,(683) 692-7928,International Tree LLC
Daniel,Willis,daniel.willis23@myself.com,(848) 276-5637,Myself Small Corp.
Robert,Hoover,robert.hoover7992@business.net,(834) 169-1702,Together Professor Inc.
Stephanie,Ross,stephanie.ross560@yahoo.com,(895) 348-4623,Toward Behind Technologies
Aaron,Mendez,aaron.mendez17@hotmail.com,(606) 585-8913,Democratic Evidence LLC
John,Griffin,john.griffin6853@upon.com,(788) 246-3563,Upon Five Inc.
Rachel,Castillo,rachel.castillo0556@gmail.com,(976) 343-6201,Then Camera Group
Sharon,Reyes,sharon.reyes7231@business.net,(374) 957-3760,City Bed Ltd.
Eric,Newman,eric.newman40@hotmail.com,(347) 459-8665,Option Represent Corp.
Kristina,Young,kristina.young962@hotmail.com,(203) 467-3835,Beyond Art LLC
Nancy,Johnson,nancy.johnson8243@defense.com,(515) 708-8731,Defense Next Inc.
Anthony,Crawford,anthony.crawford44@outlook.com,(447) 588-8791,Street Explain Inc.
Andrea,Snyder,andrea.snyder8400@gmail.com,(266) 995-7508,Carry Consumer Ltd.
Michael,Oneill,michael.oneill247@us.com,(601) 357-5497,Us Morning Group
Christopher,Silva,christopher.silva16@hotmail.com,(863) 933-6117,Medical People Corp.
Jennifer,Pierce,jennifer.pierce1379@gmail.com,(567) 687-9670,Recently Either Solutions
Erica,Williams,erica.williams14@certainly.com,(158) 468-2464,Certainly Free Ltd.
Kiara,Taylor,kiara.taylor180@outlook.com,(843) 212-8533,Performance Bring Corp.
Mariah,Black,mariah.black465@outlook.com,(443) 325-4512,Election Fear LLC
Robert,Johnson,robert.johnson5570@gmail.com,(935) 727-2736,Large Open Solutions
Alex,Scott,alex.scott942@hotmail.com,(754) 953-7170,Nearly Eye Corp.
Nathan,Kemp,nathan.kemp4891@yahoo.com,(840) 480-6364,Law Reduce Inc.
Daniel,Sanchez,daniel.sanchez610@outlook.com,(571) 106-5760,Government Page Technologies
Valerie,Pearson,valerie.pearson8280@gmail.com,(354) 879-5618,Learn Require Ltd.
Hannah,Brown,hannah.brown2715@hotmail.com,(248) 736-8091,Nature Arrive Technologies
Janice,Roberts,janice.roberts49@hotmail.com,(259) 442-4900,Small By Inc.
Nicholas,Whitaker,nicholas.whitaker558@outlook.com,(774) 163-2227,Consumer President Ltd.
Megan,Vasquez,megan.vasquez08@brother.com,(111) 506-2990,Brother Step Ltd.
John,Gutierrez,john.gutierrez760@hotmail.com,(304) 208-8840,Hot Industry LLC
Shannon,King,shannon.king6195@outlook.com,(769) 264-4612,Tv Factor Technologies
Laura,James,laura.james108@myself.com,(439) 602-4793,Myself Small Corp.
Sandra,Stewart,sandra.stewart0841@sing.com,(113) 290-9688,Sing Team Ltd.
Michelle,Snyder,michelle.snyder534@yet.com,(946) 271-4705,Yet Exactly Solutions
Leonard,Sosa,leonard.sosa59@gmail.com,(870) 914-5061,Manage Detail Solutions
Deborah,Williams,deborah.williams3560@hotmail.com,(643) 608-2869,Detail Different Technologies
Melissa,Jones,melissa.jones5876@yahoo.com,(305) 618-4007,Eight Cause Group
Donald,Rivera,donald.rivera104@store.com,(267) 142-7822,Store Task Ltd.
Matthew,Thompson,matthew.thompson95@sister.com,(173) 941-2142,Sister Market Corp.
Sandra,Hernandez,sandra.hernandez757@yahoo.com,(883) 571-7847,Health Site Technologies
Lisa,Robinson,lisa.robinson905@person.com,(829) 664-1154,Person And Solutions
Kevin,Brown,kevin.brown97@hotmail.com,(638) 867-7036,Short Director Corp.
Jordan,George,jordan.george286@gmail.com,(748) 784-5315,Line Pull Ltd.
Jessica,Anderson,jessica.anderson0833@film.com,(215) 476-4062,Film Its Group
Amy,Mccullough,amy.mccullough781@wish.com,(849) 445-3804,Wish There Inc.
Jared,Johnson,jared.johnson120@outlook.com,(100) 765-9686,Table Service Technologies
Anthony,Harris,anthony.harris96@perform.com,(522) 830-8799,Perform Bed Solutions
Elizabeth,Perez,elizabeth.perez28@meeting.com,(829) 848-6503,Meeting Account Group
Christopher,Hudson,christopher.hudson7778@onto.com,(875) 542-6709,Onto Event Solutions
Robin,Santiago,robin.santiago23@night.com,(243) 925-9766,Night Program Technologies
Amy,James,amy.james55@yahoo.com,(980) 522-3502,Indicate Individual LLC
Matthew,George,matthew.george6718@outlook.com,(476) 341-5207,Value Own Ltd.
Stacy,Smith,stacy.smith10@yahoo.com,(373) 661-6646,Suffer Name Ltd.
Marc,Moreno,marc.moreno0773@yahoo.com,(652) 803-9443,Study Must Inc.
Christopher,Coleman,christopher.coleman85@economy.com,(767) 676-5350,Economy Already Corp.
Allison,Anderson,allison.anderson5613@past.com,(632) 635-7114,Past Stop Corp.
Rachel,Ramirez,rachel.ramirez697@hotmail.com,(176) 868-5759,You Hot Ltd.
Jon,Campbell,jon.campbell2181@word.com,(989) 962-4636,Word Event Group
Karina,Willis,karina.willis9674@business.net,(593) 712-4871,Election Fear LLC
Tammy,Green,tammy.green34@gmail.com,(290) 433-2351,Cup But Inc.
Stephanie,James,stephanie.james3126@gmail.com,(286) 801-6549,Perform Them Corp.
Robert,Mendez,robert.mendez22@yahoo.com,(334) 411-2981,Lose Despite Technologies
David,Rogers,david.rogers4144@perform.com,(147) 860-7527,Perform Bed Solutions
Tracey,Mclaughlin,tracey.mclaughlin5728@gmail.com,(799) 267-1730,Board Plant Corp.
James,Adams,james.adams449@authority.com,(712) 201-8041,Authority Education LLC
Jennifer,Farmer,jennifer.farmer974@mention.com,(676) 298-7955,Mention Real LLC
Cynthia,Vasquez,cynthia.vasquez598@outlook.com,(495) 950-8524,Hold Organization Solutions
Angela,Howell,angela.howell131@method.com,(128) 495-4652,Method Agent Solutions
Cody,Nelson,cody.nelson8830@wait.com,(505) 424-1946,Wait Cause Ltd.
Ryan,Harrison,ryan.harrison8553@tough.com,(881) 971-4353,Tough Less Inc.
Matthew,Richards,matthew.richards55@material.com,(714) 442-1762,Material Mrs Ltd.
Michael,Barnes,michael.barnes3907@reveal.com,(720) 801-4883,Reveal Recently Corp.
Katelyn,Carter,katelyn.carter66@sister.com,(148) 993-1141,Sister Whose Ltd.
Michaela,Kaufman,michaela.kaufman07@hotmail.com,(917) 506-5433,Official Camera Corp.
Sara,Jones,sara.jones353@business.net,(634) 329-1640,Month Address Group
Joanna,May,joanna.may8287@dinner.com,(354) 643-9170,Dinner Move Solutions
Nancy,Adams,nancy.adams215@air.com,(139) 297-5864,Air Need Ltd.
Andrew,Carter,andrew.carter862@business.net,(404) 573-9162,Factor Fund LLC
James,Rivera,james.rivera633@hotmail.com,(727) 574-3894,Approach Feeling Ltd.
Jason,Moore,jason.moore0611@business.net,(668) 612-9345,Value Own Ltd.
Natasha,Garcia,natasha.garcia05@yahoo.com,(882) 372-2675,Again Allow LLC
Carrie,Mitchell,carrie.mitchell1140@our.com,(367) 355-6883,Our Huge Inc.
Whitney,Mcdonald,whitney.mcdonald673@gmail.com,(763) 829-7690,Audience Surface Solutions
Lori,Curry,lori.curry129@gmail.com,(886) 904-7128,Green Consumer Group
Brandi,Vasquez,brandi.vasquez152@hotmail.com,(595) 131-8436,Heavy Easy Inc.
Allen,Chang,allen.chang412@dark.com,(415) 878-3639,Dark Form Ltd.
Diana,Weaver,diana.weaver0913@member.com,(652) 447-9371,Member Positive Technologies
Kelli,Key,kelli.key014@business.net,(425) 414-3475,Hit Run Solutions
Erica,Cooper,erica.cooper2220@water.com,(208) 174-8474,Water Administration Technologies
Jeremy,Herman,jeremy.herman78@age.com,(725) 336-9457,Age Defense Solutions
Douglas,Foster,douglas.foster326@measure.com,(930) 931-2359,Measure Suggest Solutions
Lori,Molina,lori.molina55@outlook.com,(620) 657-2649,Drop Involve Corp.
Walter,Smith,walter.smith92@have.com,(874) 794-7363,Have Itself Ltd.
Shawn,Mcclure,shawn.mcclure02@yahoo.com,(332) 915-4875,Send Building Inc.
Bethany,Scott,bethany.scott5082@business.net,(162) 829-2396,Opportunity City Corp.
Suzanne,Garrett,suzanne.garrett45@your.com,(220) 348-1649,Your Ask Technologies
Paul,Collins,paul.collins6319@yahoo.com,(170) 954-5797,Then Lay Technologies
Darin,Reese,darin.reese77@determine.com,(998) 483-8021,Determine Exist Technologies
James,Johnson,james.johnson1203@exactly.com,(192) 270-3932,Exactly Thing Technologies
Sarah,Scott,sarah.scott8523@yahoo.com,(936) 101-4764,Explain President Corp.
Jordan,Ruiz,jordan.ruiz826@outlook.com,(831) 239-9843,Heavy Easy Inc.
Brandon,Olson,brandon.olson953@environment.com,(288) 985-2985,Environment Director Technologies
Christy,Andrews,christy.andrews129@gmail.com,(844) 461-7096,Level First LLC
Seth,Barnes,seth.barnes38@hotmail.com,(783) 819-5064,Shake Include Corp.
Joshua,Cooper,joshua.cooper81@former.com,(349) 854-3376,Former Drive Solutions
Adrian,Turner,adrian.turner7958@person.com,(574) 121-7339,Person And Solutions
Barbara,Wilkinson,barbara.wilkinson126@hotmail.com,(753) 972-4061,Or Power Corp.
Anthony,Ward,anthony.ward3658@find.com,(352) 292-3373,Find Build Ltd.
Steven,Martinez,steven.martinez420@outlook.com,(404) 462-8710,Growth Fact Technologies
John,Brooks,john.brooks9840@business.net,(903) 392-8910,Quickly Image LLC
Joshua,Lopez,joshua.lopez9811@cup.com,(637) 580-5813,Cup Yet Inc.
Christopher,Schmitt,christopher.schmitt48@arm.com,(792) 164-6435,Arm Participant Group
Elizabeth,Russell,elizabeth.russell3700@hotmail.com,(209) 975-4198,There Your Group
Martin,Smith,martin.smith94@hotmail.com,(733) 216-3152,Country Professor Technologies
Anne,Baker,anne.baker3569@yahoo.com,(445) 542-2688,Opportunity Area Ltd.
Michael,Allen,michael.allen8037@yahoo.com,(918) 348-1006,Compare Each Corp.
Dana,Barrera,dana.barrera26@player.com,(945) 601-6984,Player Why Technologies
Patricia,Kim,patricia.kim241@mouth.com,(576) 534-6952,Mouth Know Ltd.
Allen,York,allen.york9195@determine.com,(772) 661-1289,Determine Exist Technologies
Vicki,Moore,vicki.moore3721@gmail.com,(242) 894-4560,Mouth Know Ltd.
Michael,Hunter,michael.hunter577@onto.com,(959) 665-7532,Onto Event Solutions
Kimberly,Hall,kimberly.hall357@gmail.com,(141) 320-6675,Your Ask Technologies
Megan,Thomas,megan.thomas632@business.net,(478) 336-9697,Hard Order Technologies
Michael,Collier,michael.collier31@business.net,(585) 598-7994,Article Agent Solutions
Ashley,Patel,ashley.patel046@your.com,(895) 478-9317,Your Ask Technologies
Jessica,Miller,jessica.miller1585@outlook.com,(609) 106-7617,Require Thought Corp.
Samantha,Scott,samantha.scott63@beyond.com,(788) 658-7367,Beyond Art LLC
Nicholas,Rodriguez,nicholas.rodriguez60@yahoo.com,(319) 823-2904,Age Defense Solutions
Martha,Thomas,martha.thomas430@hear.com,(689) 765-3126,Hear Ok Technologies
Kevin,Bates,kevin.bates251@hotmail.com,(726) 662-3807,Mention Real LLC
James,Sanchez,james.sanchez8787@outlook.com,(737) 652-2789,Send Building Inc.
Suzanne,Hale,suzanne.hale455@gmail.com,(166) 223-8300,Agree Lot Solutions
Jonathan,Davila,jonathan.davila51@world.com,(862) 306-4405,World Wife LLC
Kristina,Holmes,kristina.holmes967@hotmail.com,(432) 651-4653,Practice Relationship Corp.
Ashley,Cardenas,ashley.cardenas320@business.net,(956) 327-2989,Arm Expert Inc.
Daniel,Cordova,daniel.cordova36@who.com,(572) 602-9465,Who Laugh Technologies
Vincent,Benjamin,vincent.benjamin5505@business.net,(779) 124-2145,Great Travel Inc.
Gary,Hill,gary.hill5240@evening.com,(695) 637-3705,Evening It Technologies
Kim,Berry,kim.berry096@gmail.com,(324) 129-7123,Mouth Mean Solutions
Jacob,Garrett,jacob.garrett6856@yahoo.com,(208) 584-8813,Memory Place Ltd.
Joshua,Stewart,joshua.stewart1344@business.net,(445) 425-3677,Together Professor Inc.
Jeffrey,Walker,jeffrey.walker219@hotmail.com,(115) 802-7036,Agree Lot Solutions
Amber,Rose,amber.rose15@cell.com,(113) 743-9074,Cell Happen Ltd.
Linda,Tran,linda.tran1637@hotmail.com,(927) 142-6112,Help Growth LLC
Susan,Vasquez,susan.vasquez517@outlook.com,(641) 580-9170,Positive Small Corp.
Kyle,Williams,kyle.williams04@gmail.com,(327) 631-4534,You Hot Ltd.
Amanda,Blevins,amanda.blevins48@hotmail.com,(558) 776-9683,Arm Expert Inc.
Thomas,Thompson,thomas.thompson8010@hotmail.com,(117) 109-4997,Trip Offer Group
Brooke,Cooper,brooke.cooper5349@heavy.com,(928) 269-7124,Heavy Easy Inc.
Rebecca,Thompson,rebecca.thompson980@actually.com,(564) 102-1235,Actually Poor Inc.
Beth,Williamson,beth.williamson7596@gmail.com,(770) 892-9954,Kitchen Against Solutions
Christopher,Alvarez,christopher.alvarez290@gmail.com,(877) 545-8216,Democratic Evidence LLC
Travis,Walker,travis.walker77@study.com,(180) 862-7306,Study Must Inc.
Cynthia,Rivera,cynthia.rivera937@hotmail.com,(972) 914-5472,Father Me Technologies
Brandy,Zimmerman,brandy.zimmerman16@hotmail.com,(797) 888-3595,Remember Care LLC
Holly,Carroll,holly.carroll40@business.net,(147) 325-4824,Receive Economic LLC
Donna,Bryant,donna.bryant402@gmail.com,(111) 431-9859,Face Enter Ltd.
Kimberly,Lopez,kimberly.lopez614@gmail.com,(804) 681-1112,Mr Discover Group
Charles,Wilson,charles.wilson649@mention.com,(953) 301-1797,Mention Real LLC
Tracey,Davis,tracey.davis854@authority.com,(990) 451-6463,Authority Least Solutions
Deborah,Adams,deborah.adams916@outlook.com,(449) 919-4186,House Player Corp.
Eric,Newman,eric.newman40@hotmail.com,(934) 426-6055,Option Represent Corp.
Jeremy,Herman,jeremy.herman78@age.com,(781) 491-9143,Age Defense Solutions
Sarah,Johnson,sarah.johnson8683@meeting.com,(998) 454-7011,Meeting Account Group
William,Calderon,william.calderon993@over.com,(932) 573-4333,Over Production Group
Willie,Owens,willie.owens1241@yahoo.com,(835) 670-2802,Pick Peace Ltd.
Rachel,Carrillo,rachel.carrillo0409@hotmail.com,(525) 797-9512,Night Pull Group
Shawn,Lawrence,shawn.lawrence487@hotmail.com,(286) 990-2359,Election Fear LLC
Terri,George,terri.george78@yahoo.com,(432) 492-9602,Whole Item Technologies
Andrew,Savage,andrew.savage3166@history.com,(286) 868-6615,History Seek Technologies
Amy,Chavez,amy.chavez16@gmail.com,(998) 852-3276,Treat Space Technologies
Daniel,Craig,daniel.craig54@continue.com,(501) 254-7866,Continue Protect Technologies
Ricky,Rodgers,ricky.rodgers9094@white.com,(814) 124-1682,White Argue Ltd.
Stephanie,Garrett,stephanie.garrett331@gmail.com,(344) 139-5933,Hand Upon Solutions
Kari,Taylor,kari.taylor809@yahoo.com,(517) 969-7458,Officer Rate Group
Lauren,Phillips,lauren.phillips82@toward.com,(467) 643-5936,Toward Behind Technologies
Cheryl,Lewis,cheryl.lewis85@yahoo.com,(806) 979-4654,Way Goal Solutions
Jacob,Ferguson,jacob.ferguson42@yahoo.com,(662) 919-4156,Option Represent Corp.
Todd,Chambers,todd.chambers8246@outlook.com,(916) 198-3102,Option Represent Corp.
Stephanie,Barton,stephanie.barton38@hotmail.com,(811) 326-8992,Time Single Group
Robin,Miller,robin.miller717@business.net,(666) 831-9968,Reveal Business Inc.
Sharon,Blackwell,sharon.blackwell0090@outlook.com,(960) 949-9684,Do If Group
Kimberly,Gomez,kimberly.gomez260@yahoo.com,(998) 685-4035,Indicate Use Group
Andrea,Jackson,andrea.jackson1183@business.net,(804) 393-5464,Particular Forward Inc.
Thomas,Harvey,thomas.harvey2828@yahoo.com,(124) 160-7689,Different With LLC
Ashley,Johnson,ashley.johnson6975@white.com,(200) 375-8942,White Argue Ltd.
Tracy,Ponce,tracy.ponce938@business.net,(981) 769-7462,Measure Suggest Solutions
Andrew,Smith,andrew.smith0457@talk.com,(480) 442-3463,Talk Sometimes Group
Danny,Lopez,danny.lopez454@gmail.com,(449) 981-9670,Improve Present Inc.
Eugene,Parker,eugene.parker1048@hot.com,(930) 741-3674,Hot Clearly Inc.
Connor,Miller,connor.miller3268@yahoo.com,(628) 810-5929,See Bed Corp.
Patrick,Green,patrick.green379@business.net,(771) 700-4610,Practice Mention Group
Brian,Parker,brian.parker285@yahoo.com,(404) 344-5630,Live Fight Solutions
Meredith,Flores,meredith.flores8679@outlook.com,(480) 767-1619,Company Include Group
Scott,Smith,scott.smith0606@action.com,(288) 950-3692,Action Occur LLC
Heather,Garrison,heather.garrison9032@detail.com,(916) 256-5506,Detail Different Technologies
Jessica,Stokes,jessica.stokes5753@gmail.com,(458) 520-2433,Especially Organization Group
Jon,Martin,jon.martin0821@hotmail.com,(967) 945-3470,Start Soon Ltd.
James,Brown,james.brown072@yahoo.com,(766) 889-6448,Care Star Ltd.
Carmen,Taylor,carmen.taylor352@gmail.com,(675) 109-5154,Top Wall Inc.
Michael,Stevens,michael.stevens37@hotmail.com,(977) 107-2755,New Debate Technologies
Dominique,Vaughan,dominique.vaughan45@yahoo.com,(326) 305-3869,Player Why Technologies
Douglas,Craig,douglas.craig321@yahoo.com,(760) 819-3332,Board These LLC
Malik,Wilson,malik.wilson7951@everyone.com,(284) 858-8087,Everyone Natural Solutions
Taylor,Simpson,taylor.simpson8077@yahoo.com,(603) 232-2365,Specific Size Technologies
Jeffery,Delgado,jeffery.delgado235@international.com,(577) 326-9017,International Tree LLC
Taylor,Martinez,taylor.martinez0324@include.com,(246) 115-7559,Include How LLC
Amanda,Perry,amanda.perry895@business.net,(412) 574-9663,Everything Behavior Inc.
Jose,Lopez,jose.lopez23@body.com,(647) 829-6058,Body Standard Inc.
Alec,Gibson,alec.gibson0501@gmail.com,(269) 239-5858,Others Also Technologies
Samantha,Murphy,samantha.murphy6180@our.com,(545) 157-9274,Our Huge Inc.
Lindsay,Taylor,lindsay.taylor339@toward.com,(509) 572-6074,Toward Religious Ltd.
Sonya,Brown,sonya.brown704@product.com,(632) 150-1510,Product Style Corp.
Lisa,Bates,lisa.bates74@line.com,(590) 519-1212,Line Pull Ltd.
Eric,Wilson,eric.wilson937@hotmail.com,(834) 594-8032,Others Also Technologies
Danielle,Romero,danielle.romero95@outlook.com,(100) 128-2463,Article Agent Solutions
Holly,Carroll,holly.carroll40@business.net,(276) 631-9277,Receive Economic LLC
Maxwell,Jacobs,maxwell.jacobs145@gmail.com,(189) 597-6489,Old Truth Ltd.
Richard,Dixon,richard.dixon5986@bank.com,(896) 165-1023,Bank Affect Ltd.
Beverly,Schultz,beverly.schultz601@if.com,(845) 156-4074,If Though LLC
Alexandria,Brown,alexandria.brown9706@hotmail.com,(416) 271-6088,Rise Read Ltd.
Erin,Collins,erin.collins1376@start.com,(780) 460-7002,Start Continue Corp.
Juan,Powell,juan.powell320@discuss.com,(558) 433-5124,Discuss Answer Solutions
Andrew,Kent,andrew.kent67@gmail.com,(453) 704-5588,Way Goal Solutions
Alan,Good,alan.good105@yahoo.com,(187) 353-4257,Particular Forward Inc.
Hector,Perry,hector.perry362@find.com,(466) 752-5357,Find Build Ltd.
Heather,Stanton,heather.stanton2448@national.com,(120) 824-3280,National Wide LLC
Victoria,Cantu,victoria.cantu378@business.net,(507) 643-2022,Him History LLC
Kristen,Rios,kristen.rios55@gmail.com,(561) 254-9533,White Argue Ltd.
Cynthia,Brown,cynthia.brown3001@whole.com,(148) 938-6990,Whole Item Technologies
Roberta,Harris,roberta.harris04@yahoo.com,(769) 797-4232,Beyond Art LLC
Phillip,Palmer,phillip.palmer5017@hot.com,(721) 705-6300,Hot Clearly Inc.
