first_name,last_name,email,phone_number,company
Robert,Phillips,robert.phillips2966@outlook.com,(101) 826-5431,Admit Car Group
Randall,Juarez,randall.juarez853@company.com,(997) 157-6075,Unit Trial Technologies
Angela,Johns,angela.johns64@gmail.com,(875) 633-5904,Food Effort Technologies
Nicholas,Lee,nicholas.lee84@yahoo.com,(235) 230-2332,Student Significant Solutions
Jenny,Green,jenny.green2401@business.net,(978) 994-8578,Listen Manager Ltd.
Sheri,Hensley,sheri.hensley602@business.net,(368) 158-2215,Friend Since Group
Samantha,Newton,samantha.newton200@yahoo.com,(135) 465-8488,Machine Bank Corp.
William,Mcclure,william.mcclure811@gmail.com,(149) 310-5630,Case Board Inc.
Jasmine,Buchanan,jasmine.buchanan768@business.net,(675) 116-5752,Near Throughout LLC
Victor,Barker,victor.barker354@business.net,(291) 754-8709,Career Should Corp.
Teresa,Mason,teresa.mason7974@company.com,(536) 828-2977,War Whatever Technologies
Danielle,Blair,danielle.blair080@gmail.com,(402) 624-8041,Owner Peace Corp.
Kimberly,Escobar,kimberly.escobar73@gmail.com,(669) 490-9498,Effect Great Group
Gabriel,Welch,gabriel.welch2915@gmail.com,(272) 312-7712,Time Role Inc.
Michelle,Rodriguez,michelle.rodriguez02@company.com,(932) 177-4015,Eight Middle Corp.
Christina,Stone,christina.stone0219@business.net,(365) 640-1436,Available Edge LLC
Perry,Daugherty,perry.daugherty6966@company.com,(303) 383-9980,Also Exactly Solutions
Benjamin,Johnson,benjamin.johnson1532@business.net,(820) 459-4153,Remember Maintain Inc.
Laura,Johnson,laura.johnson07@company.com,(732) 448-4386,Central Truth Corp.
Jeffrey,Green,jeffrey.green98@gmail.com,(726) 869-6774,Official Able Technologies
Kimberly,Davis,kimberly.davis6687@company.com,(969) 599-5078,Door Will Technologies
Erin,Larson,erin.larson0260@gmail.com,(156) 203-4254,Whole Sure Ltd.
Brett,Wolf,brett.wolf7088@business.net,(682) 489-9915,Machine Box Inc.
Nicole,Shepard,nicole.shepard7684@business.net,(689) 568-9766,West Certain Ltd.
Larry,Boyd,larry.boyd443@yahoo.com,(613) 899-1152,Break Smile Technologies
Michael,Pope,michael.pope33@business.net,(975) 715-1713,Else Play Corp.
Jared,Ross,jared.ross8305@yahoo.com,(986) 699-8916,Enter Us LLC
Tim,Wise,tim.wise239@company.com,(803) 502-5119,Different Inside LLC
Benjamin,Brennan,benjamin.brennan679@business.net,(500) 488-7071,Bit Throw Group
Melissa,Marsh,melissa.marsh62@company.com,(972) 272-4642,Blue Religious Ltd.
Jennifer,Dickson,jennifer.dickson8429@gmail.com,(400) 635-8158,Public Simple Inc.
Charles,Jordan,charles.jordan86@gmail.com,(516) 524-5506,Seven Guy Ltd.
Joshua,Gonzalez,joshua.gonzalez171@gmail.com,(794) 177-6077,Take Health Solutions
Amy,Lester,amy.lester8333@yahoo.com,(905) 415-4056,Onto Above Inc.
James,Welch,james.welch9534@company.com,(323) 561-8623,Not Environmental Corp.
Zachary,Rogers,zachary.rogers25@business.net,(779) 390-8708,Its Item Inc.
Benjamin,Reyes,benjamin.reyes1682@yahoo.com,(891) 822-7755,Agency Capital Ltd.
Anthony,Roberts,anthony.roberts77@business.net,(983) 977-5397,Back According LLC
Marissa,Weeks,marissa.weeks9654@business.net,(386) 985-7460,Green Final LLC
Anthony,Richardson,anthony.richardson251@yahoo.com,(488) 859-5590,Vote Item Group
Nicholas,Morris,nicholas.morris169@business.net,(712) 304-4083,Person Seat Ltd.
Lee,Lewis,lee.lewis15@company.com,(178) 746-8040,West Sea Ltd.
Kyle,Rogers,kyle.rogers6764@company.com,(635) 489-7029,Change Arrive Ltd.
Douglas,Sanchez,douglas.sanchez2797@gmail.com,(500) 496-8625,Add Evidence Technologies
Willie,Moss,willie.moss3693@yahoo.com,(143) 488-5471,Seven Provide Corp.
Annette,Bender,annette.bender2619@yahoo.com,(993) 893-7537,Discuss Land Solutions
Richard,Bryan,richard.bryan899@company.com,(476) 456-7010,Small Fact LLC
John,Gibbs,john.gibbs217@company.com,(703) 893-1282,Gun Sign Corp.
David,Brown,david.brown435@company.com,(192) 326-9904,Ten Require Technologies
John,Mitchell,john.mitchell9249@business.net,(675) 630-8482,Building Central Technologies
Marcus,Elliott,marcus.elliott21@gmail.com,(557) 837-5756,Benefit Much LLC
Lisa,Moreno,lisa.moreno5615@yahoo.com,(827) 499-8148,Recent Argue Solutions
David,Smith,david.smith2273@outlook.com,(433) 742-1302,Inside Matter Solutions
Elizabeth,Parsons,elizabeth.parsons93@outlook.com,(938) 726-1648,Step Both Corp.
Gerald,Herman,gerald.herman785@gmail.com,(379) 547-2492,Close Party Technologies
Steven,Lewis,steven.lewis004@yahoo.com,(378) 221-5287,Federal Compare Ltd.
Kaylee,Santiago,kaylee.santiago059@outlook.com,(267) 292-3114,They Class Group
Nicholas,Garcia,nicholas.garcia751@yahoo.com,(186) 661-5201,Step Guy Inc.
Elizabeth,Mcneil,elizabeth.mcneil8964@company.com,(519) 374-2453,Kid Night Corp.
Kristin,White,kristin.white193@yahoo.com,(230) 981-9128,Mention Deep Corp.
Jason,Wade,jason.wade3106@yahoo.com,(370) 288-5256,Month Not Technologies
Steven,Williams,steven.williams653@company.com,(496) 890-2303,Still Mission Group
James,Taylor,james.taylor725@yahoo.com,(304) 789-3356,Almost Space Technologies
Travis,Myers,travis.myers757@outlook.com,(556) 479-8226,Generation Need LLC
Breanna,Smith,breanna.smith9777@outlook.com,(737) 620-4081,Summer Ask Technologies
Shannon,Walker,shannon.walker978@outlook.com,(545) 269-7874,Free Personal Inc.
Garrett,Gilmore,garrett.gilmore46@gmail.com,(413) 265-7809,Executive Example LLC
Danny,Davis,danny.davis003@company.com,(893) 965-8523,Modern Issue Corp.
Dylan,Hanson,dylan.hanson002@outlook.com,(481) 854-9745,Sure Necessary Group
Laurie,Yu,laurie.yu7157@yahoo.com,(109) 635-3155,Feeling Produce Technologies
Laura,Browning,laura.browning15@yahoo.com,(551) 884-4178,Community North Group
Scott,Flores,scott.flores37@outlook.com,(491) 476-4095,All Education Technologies
George,Miles,george.miles8311@company.com,(565) 405-4934,Interesting Picture Technologies
Christopher,Delgado,christopher.delgado320@outlook.com,(754) 220-3529,Certainly Skill Technologies
Cameron,Smith,cameron.smith713@gmail.com,(134) 878-6044,Today During Corp.
Jessica,Jones,jessica.jones78@company.com,(347) 260-8059,Make Long Technologies
Anthony,Curry,anthony.curry386@company.com,(184) 397-2326,Into Chance Group
Amy,Silva,amy.silva165@business.net,(737) 899-1153,True Same LLC
Timothy,Miller,timothy.miller168@gmail.com,(140) 217-1682,Former Recent Technologies
Eric,Johnson,eric.johnson52@yahoo.com,(269) 722-6965,Anyone Will Ltd.
Sonya,Edwards,sonya.edwards75@business.net,(879) 522-5450,Bank At Group
Erica,Benton,erica.benton73@business.net,(754) 106-9821,Scientist Behind Solutions
Melissa,Gardner,melissa.gardner65@yahoo.com,(255) 344-5086,Whatever Cause Ltd.
Meghan,Forbes,meghan.forbes303@outlook.com,(807) 352-2950,Write Before Ltd.
Kevin,Graves,kevin.graves599@yahoo.com,(670) 801-4463,Offer On Ltd.
Michelle,Carroll,michelle.carroll42@company.com,(257) 156-9432,Reason Food Inc.
Elizabeth,Mann,elizabeth.mann78@business.net,(691) 731-9859,Training Letter Technologies
Daniel,Fisher,daniel.fisher764@outlook.com,(266) 130-9172,Allow Citizen Corp.
Michael,Santos,michael.santos0461@company.com,(736) 326-7191,Laugh Discussion LLC
Steven,Lee,steven.lee5925@gmail.com,(987) 649-5203,Life That Solutions
Judy,Perkins,judy.perkins8389@business.net,(654) 495-1899,Art Common Solutions
Kenneth,Matthews,kenneth.matthews088@company.com,(348) 496-4113,True Exist Ltd.
David,Skinner,david.skinner61@outlook.com,(385) 821-9217,Piece Own LLC
Courtney,Rivers,courtney.rivers23@company.com,(219) 580-8552,Month Region LLC
Daniel,Jordan,daniel.jordan690@gmail.com,(215) 454-4619,Many Off Inc.
Michelle,Green,michelle.green117@yahoo.com,(622) 331-9762,Why Card Group
Angela,Taylor,angela.taylor04@business.net,(516) 258-3379,Or Ago Technologies
Carolyn,Hunter,carolyn.hunter774@business.net,(652) 219-8134,Nice Listen LLC
Darrell,Horton,darrell.horton18@business.net,(919) 542-3223,Then Less Inc.
Jessica,Kaiser,jessica.kaiser869@company.com,(409) 384-1703,Truth Service Group
Monica,Warner,monica.warner022@gmail.com,(400) 102-1110,Industry Result Solutions
Shannon,Thomas,shannon.thomas127@outlook.com,(761) 646-3126,Treatment Concern Inc.
Tina,Moore,tina.moore6633@outlook.com,(878) 310-5154,Resource Cause Inc.
John,Romero,john.romero29@gmail.com,(885) 273-5031,So Specific Ltd.
Stephen,Lopez,stephen.lopez464@gmail.com,(941) 717-2306,State Respond Group
Anthony,Cline,anthony.cline305@outlook.com,(955) 676-4802,Attention Before Group
Joseph,Houston,joseph.houston644@business.net,(642) 105-1204,Job Measure Technologies
Eileen,Simmons,eileen.simmons747@gmail.com,(582) 894-3595,Image But Inc.
Tammy,Fischer,tammy.fischer740@gmail.com,(368) 359-9808,Pattern Collection Technologies
Joshua,Edwards,joshua.edwards097@outlook.com,(835) 189-9084,Individual We Corp.
Danny,Williams,danny.williams37@gmail.com,(996) 360-1313,Subject Claim Inc.
Lindsey,Duke,lindsey.duke67@company.com,(129) 204-7485,Beyond Person Inc.
Diana,Kane,diana.kane68@business.net,(442) 123-5000,Blue Require Ltd.
Jeffrey,Moore,jeffrey.moore039@outlook.com,(282) 927-9292,Point Blood Corp.
Tammy,Mejia,tammy.mejia9414@yahoo.com,(429) 346-8652,Start Fast Corp.
Amanda,Morgan,amanda.morgan160@outlook.com,(569) 639-1147,Night Analysis Technologies
Erin,Torres,erin.torres504@yahoo.com,(823) 492-5180,Major Meet Group
Nicole,Beck,nicole.beck140@yahoo.com,(124) 677-3009,Leg Tree Solutions
Mary,Moran,mary.moran040@business.net,(779) 727-2486,Somebody Information Solutions
Robert,Peck,robert.peck5198@gmail.com,(858) 338-3469,College Environmental LLC
Cody,Benson,cody.benson2758@business.net,(958) 241-4107,Ask Argue Ltd.
Rachel,Roy,rachel.roy28@gmail.com,(839) 858-5683,Safe Tend LLC
Amy,Reeves,amy.reeves852@company.com,(786) 261-1683,Control Attention LLC
Alexander,Mclaughlin,alexander.mclaughlin347@yahoo.com,(700) 735-3583,Station Gun Technologies
Anthony,Brown,anthony.brown85@company.com,(393) 290-8625,Meeting Street Corp.
Christina,Trevino,christina.trevino213@gmail.com,(722) 710-7347,Indeed Its Solutions
Adam,Allen,adam.allen87@yahoo.com,(903) 678-5725,Really Field Solutions
Sheena,Duran,sheena.duran5077@business.net,(327) 400-1560,Indeed Decide Inc.
Brittney,Higgins,brittney.higgins504@yahoo.com,(379) 981-1722,Generation Election Solutions
Carol,Wilson,carol.wilson23@gmail.com,(470) 985-6586,Miss Try Ltd.
Christopher,Bryan,christopher.bryan02@company.com,(395) 366-5592,Your Past Group
Katie,Hill,katie.hill54@gmail.com,(572) 449-5981,Gun Indeed Inc.
Nathan,Chambers,nathan.chambers19@outlook.com,(506) 517-8604,Can Lead Solutions
Eileen,Hunter,eileen.hunter9883@gmail.com,(411) 922-5484,Low List Inc.
Samantha,Frey,samantha.frey8739@outlook.com,(446) 920-8236,Major Everything Corp.
Mary,Haynes,mary.haynes80@company.com,(113) 158-2523,Generation Why Solutions
Ryan,Chan,ryan.chan63@gmail.com,(900) 962-9754,Right Explain Inc.
Christina,Thomas,christina.thomas3604@outlook.com,(227) 947-6513,Suffer Sign LLC
Carrie,Leach,carrie.leach5521@gmail.com,(987) 680-5108,Pm Yard Solutions
Dana,Foster,dana.foster49@yahoo.com,(791) 596-8288,Seem Life Group
Christian,Mitchell,christian.mitchell3011@business.net,(337) 655-4101,Show American Group
Melanie,Richmond,melanie.richmond78@gmail.com,(347) 309-8044,Process Both LLC
Regina,Odom,regina.odom2164@business.net,(463) 411-6322,Close Church Corp.
Ashley,Leonard,ashley.leonard00@gmail.com,(862) 812-8485,Nation Toward Inc.
Earl,Hansen,earl.hansen314@yahoo.com,(681) 440-6965,Still Compare Technologies
Matthew,Patel,matthew.patel9332@business.net,(806) 360-2723,Vote Quality Ltd.
Lindsay,Lucas,lindsay.lucas1894@gmail.com,(234) 646-5621,Member Total Corp.
David,Jackson,david.jackson5883@gmail.com,(475) 964-9957,From Mission Group
Laura,Whitehead,laura.whitehead262@outlook.com,(892) 621-7082,Cover Statement Corp.
Philip,Davies,philip.davies12@yahoo.com,(731) 378-1509,Tax Production Inc.
Sonya,Johnson,sonya.johnson697@yahoo.com,(533) 473-7499,Manager Money LLC
Cynthia,Oliver,cynthia.oliver15@yahoo.com,(135) 737-4887,Himself Discuss Ltd.
Dwayne,Owens,dwayne.owens338@outlook.com,(302) 335-4368,Able Radio Technologies
Steven,Robinson,steven.robinson55@yahoo.com,(439) 624-1847,Race Shoulder Ltd.
Angela,Hayes,angela.hayes126@yahoo.com,(195) 187-2759,Mean Religious Solutions
Jamie,Palmer,jamie.palmer5982@company.com,(504) 377-3229,Owner Outside Corp.
Joshua,Hale,joshua.hale511@gmail.com,(392) 656-4742,Chance Particularly Technologies
Ashley,Cherry,ashley.cherry01@gmail.com,(201) 528-4987,Seven Eye Technologies
Sandra,Wagner,sandra.wagner65@yahoo.com,(752) 377-6420,There List Solutions
Brandy,Riley,brandy.riley8988@business.net,(428) 402-2760,Beautiful Home Technologies
Erica,Brown,erica.brown142@outlook.com,(591) 612-1336,Animal Power Technologies
Jacob,Diaz,jacob.diaz116@business.net,(709) 147-6522,Year Myself Solutions
Christopher,Allen,christopher.allen253@yahoo.com,(839) 668-9594,Performance Social Group
Adam,Garcia,adam.garcia2269@outlook.com,(876) 184-4624,Trade Professor Ltd.
Amanda,Hood,amanda.hood25@company.com,(528) 541-7113,Environmental Maintain Group
Jennifer,Sandoval,jennifer.sandoval6671@company.com,(755) 183-8296,Dark Way LLC
Philip,Alvarez,philip.alvarez798@business.net,(984) 613-8711,Land Around Inc.
Nancy,Zimmerman,nancy.zimmerman469@gmail.com,(772) 288-1235,Play Really Solutions
Jennifer,Ferguson,jennifer.ferguson782@gmail.com,(100) 251-7950,Writer Would LLC
Amy,Meadows,amy.meadows10@outlook.com,(780) 913-6453,Woman Spring Solutions
Melissa,Cohen,melissa.cohen7110@gmail.com,(519) 433-6274,Certainly Water LLC
Melissa,Johnston,melissa.johnston441@yahoo.com,(138) 501-5075,Hit Agree Solutions
Mallory,Brock,mallory.brock608@gmail.com,(318) 790-8605,South Federal Corp.
Hannah,Gibbs,hannah.gibbs15@gmail.com,(536) 600-8600,Property Manage Group
Craig,Chaney,craig.chaney3899@company.com,(214) 289-2497,Single Future Group
David,Manning,david.manning83@company.com,(307) 861-7524,Success Between Ltd.
Scott,Sutton,scott.sutton3309@business.net,(560) 823-7494,Power Money Ltd.
Keith,Johnson,keith.johnson739@company.com,(411) 705-8280,That Reach Technologies
Ricky,Cole,ricky.cole801@gmail.com,(515) 979-6329,Meet I Solutions
Amanda,Hubbard,amanda.hubbard71@business.net,(913) 355-2410,Stage Inside Corp.
Adrian,Trujillo,adrian.trujillo8262@yahoo.com,(152) 953-1502,Camera Important Ltd.
Rachel,Wilkinson,rachel.wilkinson87@business.net,(408) 950-3638,Feeling Week Corp.
Victoria,Mcdonald,victoria.mcdonald545@outlook.com,(499) 549-5811,Pull End Solutions
Thomas,Bell,thomas.bell22@outlook.com,(804) 206-7401,Understand Quite LLC
Karen,Novak,karen.novak06@yahoo.com,(964) 226-9285,None Apply Group
Jack,Mclaughlin,jack.mclaughlin42@yahoo.com,(876) 457-7844,Sound Believe Group
Melanie,Riley,melanie.riley80@outlook.com,(921) 923-3402,Mission What Solutions
Nicholas,Shepard,nicholas.shepard790@outlook.com,(490) 515-5398,Call Feeling Technologies
Christopher,Anderson,christopher.anderson4362@gmail.com,(268) 546-2555,My Choose Solutions
David,Brown,david.brown126@gmail.com,(318) 742-5293,Of Leave Technologies
Whitney,Lee,whitney.lee8991@business.net,(241) 894-2358,Make Sometimes Corp.
Kimberly,Williams,kimberly.williams19@gmail.com,(427) 194-3307,Ago Middle Solutions
Nicole,Gonzalez,nicole.gonzalez93@yahoo.com,(452) 237-6409,Way Clear Inc.
Joshua,Hines,joshua.hines0898@business.net,(195) 832-7554,Stay Necessary LLC
Timothy,Thompson,timothy.thompson1093@company.com,(432) 154-5445,Important Power Technologies
Steven,David,steven.david700@outlook.com,(884) 365-5941,Little Realize LLC
Sherri,Petersen,sherri.petersen420@business.net,(385) 143-4559,Set Power Ltd.
Christopher,Le,christopher.le8631@gmail.com,(599) 138-2210,Church Own Solutions
Scott,Briggs,scott.briggs486@yahoo.com,(993) 461-5719,Yourself Whole LLC
Whitney,Marshall,whitney.marshall39@gmail.com,(121) 158-3746,As Seek Corp.
Janice,Stevenson,janice.stevenson75@company.com,(791) 230-5380,Three Together Inc.
Melinda,Rodriguez,melinda.rodriguez535@outlook.com,(112) 974-2402,Seek Amount Technologies
Karen,Moreno,karen.moreno839@business.net,(957) 279-6081,Major Voice LLC
Mario,Ball,mario.ball0824@gmail.com,(477) 879-8520,Set Contain Solutions
Paul,Rodriguez,paul.rodriguez0930@outlook.com,(649) 668-2071,Crime Law Inc.
Arthur,Chambers,arthur.chambers121@yahoo.com,(942) 548-7979,Light Later LLC
Jeremy,Jackson,jeremy.jackson832@business.net,(837) 120-9312,Science Decision Inc.
Randall,Serrano,randall.serrano2705@outlook.com,(167) 210-2842,Camera Race Solutions
Amanda,Walker,amanda.walker0875@outlook.com,(824) 243-7193,Girl Ago Corp.
Robert,Scott,robert.scott67@business.net,(692) 666-3787,Road Face LLC
Trevor,Reyes,trevor.reyes411@gmail.com,(259) 230-6030,This Model Inc.
Jessica,Dunn,jessica.dunn7514@gmail.com,(151) 150-8214,At Film Inc.
Douglas,Moreno,douglas.moreno6406@yahoo.com,(898) 236-4101,Close Tend Solutions
Rachel,Rodriguez,rachel.rodriguez9150@yahoo.com,(829) 674-6937,Exactly Boy Corp.
David,Fuller,david.fuller30@business.net,(531) 870-9151,Staff Especially Technologies
Amber,Yu,amber.yu6849@business.net,(572) 641-6185,Eye Turn Corp.
Christopher,Cooley,christopher.cooley29@business.net,(491) 182-2742,Shoulder New Inc.
Rachel,Prince,rachel.prince7625@gmail.com,(598) 338-6850,Church Film Technologies
Michelle,Gonzalez,michelle.gonzalez6858@gmail.com,(245) 824-4788,Whose Bed Corp.
Robert,Hunter,robert.hunter28@business.net,(361) 670-8957,Stand Full Ltd.
Jennifer,Harvey,jennifer.harvey717@outlook.com,(434) 212-5275,Six Bag Inc.
Rebecca,Alvarado,rebecca.alvarado5386@business.net,(867) 868-8163,Kind Hour Technologies
Kaylee,Davis,kaylee.davis2736@outlook.com,(451) 976-5520,Debate Fall Technologies
Hector,Davis,hector.davis488@business.net,(845) 779-8863,Nice Expect Solutions
Cody,Hernandez,cody.hernandez206@yahoo.com,(225) 148-3464,Above Thousand Group
Alyssa,Holland,alyssa.holland94@gmail.com,(601) 910-4470,Apply Movement LLC
Kevin,Gonzales,kevin.gonzales2876@outlook.com,(448) 750-5761,Environmental Fire Technologies
Donna,Randall,donna.randall7541@company.com,(389) 309-7428,Medical Participant Group
Jamie,King,jamie.king33@outlook.com,(922) 585-4323,Fear Choose LLC
Lori,Levine,lori.levine59@gmail.com,(198) 618-8058,Brother Certainly Technologies
Dennis,Pham,dennis.pham39@company.com,(269) 787-6386,Some Campaign Ltd.
Brandon,Black,brandon.black70@outlook.com,(362) 726-8188,Room Exist Corp.
Thomas,Ramirez,thomas.ramirez35@business.net,(592) 321-2543,Able Threat LLC
Hunter,Adams,hunter.adams84@outlook.com,(940) 300-5616,Science Radio Corp.
Bobby,Martin,bobby.martin381@yahoo.com,(573) 727-2726,More Law Solutions
Michael,Ellis,michael.ellis719@yahoo.com,(455) 638-7087,Yet Determine Ltd.
Kristin,Adams,kristin.adams277@gmail.com,(911) 237-4279,Participant Others Inc.
Julie,Martinez,julie.martinez2227@company.com,(953) 780-4734,Main Smile Inc.
Chris,Booth,chris.booth59@outlook.com,(639) 450-8167,Arm Arrive Technologies
Sarah,Hernandez,sarah.hernandez415@gmail.com,(121) 641-7157,Who Improve Inc.
Rebecca,Daniel,rebecca.daniel991@yahoo.com,(974) 825-1813,Similar Tonight Group
Victoria,Sanchez,victoria.sanchez4013@outlook.com,(596) 451-6165,Effect Pretty Inc.
Christopher,Banks,christopher.banks031@gmail.com,(448) 943-3462,Try Late LLC
Kevin,Washington,kevin.washington334@gmail.com,(802) 178-5178,Daughter Work Group
Tracy,Perkins,tracy.perkins59@outlook.com,(167) 463-8634,Break Finish Group
Beverly,Burke,beverly.burke1222@gmail.com,(974) 186-3209,Boy Affect Ltd.
Christian,Schmidt,christian.schmidt034@outlook.com,(738) 725-5152,Store Reflect Corp.
Melanie,Hahn,melanie.hahn865@yahoo.com,(942) 225-8663,Exist Case Solutions
Larry,Adams,larry.adams056@company.com,(458) 460-7135,Drive Nice Technologies
Stephanie,Anderson,stephanie.anderson891@company.com,(346) 269-4905,Official Window Group
Mitchell,Schmidt,mitchell.schmidt42@yahoo.com,(807) 563-9257,Senior Do Solutions
Kendra,Mendez,kendra.mendez15@gmail.com,(637) 727-3019,Expert Employee Corp.
Susan,Bradford,susan.bradford2119@yahoo.com,(910) 162-5301,Note Story Group
Richard,Silva,richard.silva049@yahoo.com,(271) 401-8816,Carry Sing Corp.
Joseph,Campbell,joseph.campbell1722@gmail.com,(149) 981-6497,Every Try Corp.
Joshua,Hicks,joshua.hicks58@outlook.com,(537) 555-6205,High Point Solutions
Michael,Mcguire,michael.mcguire123@business.net,(261) 965-8926,Institution Present Solutions
Amber,Cortez,amber.cortez996@company.com,(607) 637-8315,Probably Minute LLC
Sarah,Mayo,sarah.mayo1075@gmail.com,(344) 673-2294,Certainly Positive Technologies
Alicia,Davis,alicia.davis544@gmail.com,(184) 435-9963,Us Right Solutions
Lauren,Hobbs,lauren.hobbs41@business.net,(845) 191-2731,Toward Coach Corp.
Tiffany,Frazier,tiffany.frazier92@yahoo.com,(558) 113-2815,During Include Technologies
Joyce,Hernandez,joyce.hernandez1339@company.com,(565) 905-4290,Style House Group
Caroline,Allen,caroline.allen43@gmail.com,(467) 448-1378,Process Mention Inc.
Jennifer,Kirk,jennifer.kirk05@yahoo.com,(897) 154-6708,Focus Sure Corp.
Claudia,Stevens,claudia.stevens26@business.net,(798) 227-8782,Certainly List LLC
April,Young,april.young65@company.com,(414) 704-1813,Best People Inc.
Sonia,Roberts,sonia.roberts64@company.com,(185) 870-7321,Candidate Movie Technologies
Michael,Montgomery,michael.montgomery894@outlook.com,(229) 105-7924,Study Product Technologies
James,Burgess,james.burgess45@company.com,(717) 302-7067,Although Public Inc.
Douglas,Jones,douglas.jones587@gmail.com,(291) 452-5930,Item Summer Corp.
Charles,Buchanan,charles.buchanan9162@gmail.com,(568) 233-3841,Once Forget Ltd.
Stacy,Hunt,stacy.hunt03@company.com,(245) 992-5311,Movie College Inc.
Shelby,Mills,shelby.mills6726@yahoo.com,(261) 358-8148,Necessary Son Ltd.
Kristopher,Walters,kristopher.walters1670@company.com,(353) 526-1010,Require Into Corp.
Alyssa,Simmons,alyssa.simmons882@company.com,(911) 882-5684,Response Movement Ltd.
Devin,Morrison,devin.morrison664@business.net,(610) 476-7259,Pm Assume Solutions
Rachel,Morgan,rachel.morgan6474@business.net,(351) 718-2480,Into See Group
Frank,Lucas,frank.lucas17@outlook.com,(351) 159-8596,Who Statement Group
Abigail,Johnson,abigail.johnson5261@company.com,(743) 772-5598,Yard Up Group
Rebecca,Brewer,rebecca.brewer9535@business.net,(606) 360-7424,City Human Technologies
Debra,Medina,debra.medina86@company.com,(235) 512-4406,Else Trade LLC
Robert,Nelson,robert.nelson415@yahoo.com,(698) 727-6757,Organization Fill Technologies
Vickie,Parker,vickie.parker1869@yahoo.com,(136) 940-2333,Sometimes Scientist Solutions
Jacqueline,Campbell,jacqueline.campbell6320@business.net,(973) 632-1949,Statement Unit LLC
Brenda,King,brenda.king88@outlook.com,(158) 172-3889,Consider Hospital Corp.
Denise,Silva,denise.silva093@yahoo.com,(395) 685-8250,Probably Do LLC
Randall,Williams,randall.williams3640@business.net,(990) 130-1471,Finish Year Corp.
Jill,Garcia,jill.garcia96@outlook.com,(249) 163-1954,Draw Entire Inc.
Meghan,Calderon,meghan.calderon116@outlook.com,(821) 130-1000,Newspaper Chance Ltd.
Brandi,Olson,brandi.olson562@outlook.com,(928) 384-6542,Involve Would Ltd.
Sarah,Fischer,sarah.fischer615@gmail.com,(901) 536-9976,She Knowledge Ltd.
Linda,Walsh,linda.walsh7012@gmail.com,(453) 584-8766,Sort Degree Inc.
Joshua,Stevenson,joshua.stevenson5069@company.com,(543) 910-8845,Radio Program Solutions
Brian,Delacruz,brian.delacruz076@yahoo.com,(510) 105-7461,Teacher Debate Group
Jacob,Mckenzie,jacob.mckenzie082@yahoo.com,(474) 698-9144,Difficult Public Corp.
Timothy,Bender,timothy.bender59@company.com,(858) 888-7222,Concern Major LLC
James,Martinez,james.martinez235@outlook.com,(895) 142-2182,Service Prevent Ltd.
Daniel,Burch,daniel.burch77@yahoo.com,(464) 564-5660,Wide Home Ltd.
Melissa,Ramirez,melissa.ramirez324@gmail.com,(977) 302-9903,Carry In LLC
Paul,Howe,paul.howe15@gmail.com,(257) 641-6108,Raise Model Ltd.
Stacey,Branch,stacey.branch30@yahoo.com,(997) 862-6065,No The Technologies
Tanya,Figueroa,tanya.figueroa430@business.net,(443) 946-7324,Former Call Inc.
Yvonne,Wright,yvonne.wright182@business.net,(803) 535-5307,Focus Scientist Inc.
Katelyn,Hudson,katelyn.hudson15@outlook.com,(910) 802-4304,Focus Summer Inc.
Charles,Gibson,charles.gibson493@gmail.com,(787) 789-5993,Protect Enter Corp.
Keith,Brooks,keith.brooks700@yahoo.com,(599) 963-7994,News Situation Solutions
Chelsea,Bauer,chelsea.bauer745@outlook.com,(614) 127-5612,Million Also Solutions
Patricia,Jones,patricia.jones3549@yahoo.com,(848) 627-3727,Tree Kid Inc.
John,Williams,john.williams5503@yahoo.com,(661) 881-4096,Key Instead Solutions
Erin,Berry,erin.berry8799@gmail.com,(662) 482-1580,Vote Ball LLC
James,Daniels,james.daniels5534@gmail.com,(429) 477-9066,President Thank LLC
Donna,Schmidt,donna.schmidt361@yahoo.com,(410) 771-2955,Actually Public Inc.
Debbie,Mendoza,debbie.mendoza58@gmail.com,(887) 740-5751,Through Exactly Inc.
David,Espinoza,david.espinoza0201@business.net,(597) 557-9782,Really Lay LLC
Heidi,Clark,heidi.clark6747@gmail.com,(375) 973-6596,Happen Turn LLC
James,Moore,james.moore727@yahoo.com,(596) 922-1315,Check Listen Technologies
Jacqueline,Lopez,jacqueline.lopez211@company.com,(484) 161-9579,Statement Everyone LLC
Daniel,Donaldson,daniel.donaldson21@yahoo.com,(590) 869-9974,Really White Group
Matthew,Keller,matthew.keller6234@gmail.com,(295) 244-5548,Race Local LLC
Alexander,Vang,alexander.vang94@gmail.com,(136) 235-9931,Customer Protect Technologies
Carolyn,Mullins,carolyn.mullins46@outlook.com,(522) 602-3276,Head Full Inc.
John,Hamilton,john.hamilton05@yahoo.com,(377) 455-9533,Weight Peace Corp.
Joshua,Gaines,joshua.gaines0279@gmail.com,(215) 493-5814,Hair Pm Inc.
Diana,Wright,diana.wright25@business.net,(887) 222-4368,Raise Step Solutions
John,Smith,john.smith0152@gmail.com,(310) 935-3837,Reflect Six Technologies
Zachary,Wilson,zachary.wilson73@gmail.com,(522) 798-7458,Ok Continue Ltd.
Renee,Rodriguez,renee.rodriguez7686@gmail.com,(385) 434-8300,Size Interview Solutions
Natasha,Cannon,natasha.cannon131@business.net,(734) 869-4225,Sort Themselves Technologies
Angela,Allen,angela.allen9407@gmail.com,(993) 447-7275,While Radio Inc.
Alexandra,Sullivan,alexandra.sullivan3545@yahoo.com,(634) 786-6744,History Learn Inc.
Jerry,Jenkins,jerry.jenkins339@gmail.com,(262) 969-2783,Wall Notice Ltd.
Bethany,Austin,bethany.austin47@gmail.com,(226) 636-7765,Court Animal Technologies
Jonathan,Lee,jonathan.lee533@company.com,(353) 123-5787,Style Art Group
Alexandria,Rodriguez,alexandria.rodriguez324@business.net,(879) 929-4866,Upon Other LLC
Jenna,Johnson,jenna.johnson27@company.com,(975) 866-4616,When Remain LLC
Bradley,Conrad,bradley.conrad5897@gmail.com,(703) 702-9002,Fund Only Corp.
Katherine,Garcia,katherine.garcia98@outlook.com,(193) 137-8093,Role General Corp.
Rachel,Evans,rachel.evans73@outlook.com,(767) 256-3144,Forward Be Corp.
Nicholas,Lucas,nicholas.lucas978@yahoo.com,(993) 295-4645,Throw Kitchen Group
Leonard,Lynch,leonard.lynch173@yahoo.com,(563) 640-3564,Can People Corp.
Joanna,Hubbard,joanna.hubbard94@gmail.com,(948) 973-4454,Off Thus Ltd.
Sandra,Wilson,sandra.wilson987@gmail.com,(174) 379-4594,Wife To Inc.
Kaylee,Buck,kaylee.buck80@outlook.com,(465) 435-2141,Student Claim Inc.
Sherri,Smith,sherri.smith7843@company.com,(417) 726-6865,Herself Third Ltd.
Susan,Blair,susan.blair7771@company.com,(163) 637-2407,Evening Instead Inc.
James,Cox,james.cox061@outlook.com,(566) 165-3103,American Exist LLC
Maureen,Jefferson,maureen.jefferson865@business.net,(560) 464-1295,Life Room Ltd.
Todd,Knight,todd.knight388@outlook.com,(187) 770-5691,Record Between Inc.
Stacy,Bauer,stacy.bauer17@yahoo.com,(633) 814-9835,Change Politics Group
Joshua,Church,joshua.church663@business.net,(963) 330-4872,Must Page Group
Alexander,Garcia,alexander.garcia661@yahoo.com,(542) 800-9902,Woman Energy Inc.
Stanley,Acosta,stanley.acosta532@yahoo.com,(775) 627-6514,Require Western Ltd.
Christopher,Hughes,christopher.hughes248@yahoo.com,(949) 209-1707,Hold Yourself Technologies
Nancy,Mullins,nancy.mullins707@company.com,(156) 908-3564,Movement Sort Technologies
David,Allen,david.allen050@yahoo.com,(681) 488-9944,Become Space Technologies
Frank,Rich,frank.rich890@yahoo.com,(633) 783-3516,Around Notice Group
Dennis,Wolfe,dennis.wolfe8805@gmail.com,(777) 915-3100,Take Language Inc.
Kaitlyn,Anderson,kaitlyn.anderson86@company.com,(586) 290-7209,Small Politics Inc.
Cameron,Lewis,cameron.lewis4436@yahoo.com,(429) 508-6291,Weight Interview Solutions
Karen,Valdez,karen.valdez67@business.net,(962) 538-7863,Something Yeah Corp.
Brittney,Nelson,brittney.nelson60@company.com,(357) 283-3324,Cell Course Group
Ronald,Perez,ronald.perez747@outlook.com,(820) 911-9375,Base Board Technologies
Rachel,Smith,rachel.smith86@outlook.com,(358) 215-5388,Important Week Technologies
Tara,Hamilton,tara.hamilton294@yahoo.com,(933) 159-1732,Data Skill Solutions
Andrew,Pratt,andrew.pratt0563@gmail.com,(213) 404-3387,Available Congress Ltd.
Carrie,Hicks,carrie.hicks597@company.com,(670) 249-4808,Use Method LLC
Sierra,Moss,sierra.moss536@business.net,(486) 306-3108,Debate Along Solutions
Daniel,Garcia,daniel.garcia60@business.net,(765) 174-8760,You Statement Corp.
Daniel,Rivera,daniel.rivera5001@gmail.com,(445) 140-6654,Prepare Water Inc.
Bradley,Stanley,bradley.stanley29@company.com,(718) 945-8612,Image Price Group
Brian,Harris,brian.harris79@gmail.com,(843) 614-7174,Top Scene Ltd.
Stephen,Perry,stephen.perry85@business.net,(312) 131-8639,Step Then Corp.
Adriana,Reynolds,adriana.reynolds0946@yahoo.com,(608) 131-6780,Crime Professor Technologies
Christopher,Johnson,christopher.johnson591@outlook.com,(977) 417-7902,Pick Billion Inc.
Elizabeth,Myers,elizabeth.myers335@outlook.com,(786) 938-4270,Area Cup Ltd.
Andrew,Blackwell,andrew.blackwell9839@yahoo.com,(268) 702-5393,Purpose Official Solutions
Lauren,Molina,lauren.molina1442@outlook.com,(489) 389-9740,During Ball Technologies
Ryan,Cunningham,ryan.cunningham963@company.com,(157) 606-6653,Often Water Inc.
Kevin,Mitchell,kevin.mitchell7413@yahoo.com,(582) 270-1453,Nor Reason Group
Alex,Clark,alex.clark9715@business.net,(325) 244-1753,American Myself Ltd.
Kenneth,Baldwin,kenneth.baldwin9235@yahoo.com,(128) 790-6062,Probably Prevent Inc.
Kristina,Gilmore,kristina.gilmore94@business.net,(552) 675-5631,Enjoy Bill LLC
Ryan,Howard,ryan.howard14@outlook.com,(472) 470-7377,Game Seven Inc.
Jamie,Gilbert,jamie.gilbert670@gmail.com,(351) 149-6842,Free Concern LLC
Jason,Mcintyre,jason.mcintyre7598@gmail.com,(547) 376-5882,Subject Laugh Technologies
Erin,Berry,erin.berry8799@gmail.com,(867) 773-8720,Vote Ball LLC
Cathy,Patton,cathy.patton863@company.com,(919) 333-4174,House Describe Corp.
Aaron,Ross,aaron.ross71@gmail.com,(597) 359-6543,Citizen Write Group
Darren,Bell,darren.bell444@company.com,(341) 982-9487,Three Range Ltd.
Charles,Jones,charles.jones25@yahoo.com,(660) 771-7728,Especially Wrong Solutions
William,Roberts,william.roberts5038@company.com,(135) 406-4917,Always Political Inc.
Rodney,Williams,rodney.williams4356@company.com,(560) 666-2193,About Man Solutions
Richard,Bailey,richard.bailey907@company.com,(999) 475-6410,Six Worry Solutions
Kelly,Booth,kelly.booth1802@company.com,(500) 128-7052,Tend Simple Inc.
Lauren,Mcmillan,lauren.mcmillan77@yahoo.com,(780) 722-9868,Rest Issue Technologies
John,Oconnor,john.oconnor877@business.net,(294) 580-8927,Activity Natural Inc.
Mckenzie,Richardson,mckenzie.richardson160@business.net,(297) 147-7342,Scene Watch LLC
Randy,Massey,randy.massey898@outlook.com,(332) 487-5763,Economic Congress Technologies
Michael,Sandoval,michael.sandoval31@company.com,(489) 198-9008,Wonder Room Inc.
Aaron,Simmons,aaron.simmons3041@company.com,(533) 651-6597,Major Dinner Group
Jeremy,Velez,jeremy.velez405@yahoo.com,(185) 545-4374,Seven Edge Inc.
Trevor,Leblanc,trevor.leblanc33@business.net,(761) 964-7038,Customer Bed Solutions
Sara,Roach,sara.roach5142@outlook.com,(137) 380-6962,There Again Group
Steven,Mendoza,steven.mendoza3293@gmail.com,(459) 877-4747,Rather Parent LLC
Stephen,Mcdaniel,stephen.mcdaniel200@outlook.com,(725) 994-1517,Allow Hour Inc.
Sandra,Graham,sandra.graham837@yahoo.com,(283) 950-1738,Edge Old Group
Jason,Lozano,jason.lozano449@outlook.com,(834) 161-3885,Process Tough LLC
Hannah,Hines,hannah.hines161@outlook.com,(959) 756-1526,Dark Somebody Corp.
Timothy,White,timothy.white0678@yahoo.com,(900) 686-2709,While Leave Ltd.
Tina,Jacobs,tina.jacobs8871@gmail.com,(127) 361-9874,Both Room LLC
Natalie,Forbes,natalie.forbes858@company.com,(257) 801-6952,Full No Inc.
Meghan,Ellis,meghan.ellis120@yahoo.com,(572) 831-6912,Responsibility Evidence Inc.
Paul,Williams,paul.williams1428@outlook.com,(108) 713-3424,Write Consider Ltd.
Kathleen,Watts,kathleen.watts2987@company.com,(618) 453-8520,Charge Note Technologies
Joshua,Hughes,joshua.hughes67@company.com,(649) 834-9490,Son Phone Corp.
Sarah,Watkins,sarah.watkins5475@company.com,(992) 256-2388,Same Debate Solutions
Ryan,Zimmerman,ryan.zimmerman0220@company.com,(988) 497-8043,Cost Piece Solutions
William,Mendez,william.mendez73@company.com,(515) 472-5174,Quality Walk Corp.
Kevin,Mcdonald,kevin.mcdonald5815@company.com,(403) 700-1406,If Training Technologies
Cynthia,Alexander,cynthia.alexander19@gmail.com,(177) 665-1976,Car Around Inc.
Patrick,Dorsey,patrick.dorsey250@outlook.com,(622) 379-2747,Because Strong Solutions
Gregory,Frederick,gregory.frederick1802@gmail.com,(341) 152-8332,Boy Remain Inc.
Brittany,Brooks,brittany.brooks1765@company.com,(535) 438-4563,Prove Single Corp.
Eric,Smith,eric.smith19@company.com,(950) 212-1711,Huge House Solutions
Nicholas,Montgomery,nicholas.montgomery1890@business.net,(433) 325-6957,Remain Agreement Technologies
Scott,Valdez,scott.valdez877@yahoo.com,(677) 554-1683,Involve Service Corp.
Roy,Moore,roy.moore9265@business.net,(633) 450-8803,Guy Finish Ltd.
Caitlin,Todd,caitlin.todd247@yahoo.com,(796) 345-4226,Change Science Solutions
Jesus,Wagner,jesus.wagner07@yahoo.com,(136) 489-5289,Cultural Fire Corp.
Judith,Williams,judith.williams1596@business.net,(947) 730-3112,Real Difference Inc.
Megan,Fischer,megan.fischer77@company.com,(153) 630-9516,Place Fill Corp.
Martin,Walsh,martin.walsh063@outlook.com,(259) 618-1519,Response Always LLC
Erik,Munoz,erik.munoz78@business.net,(648) 348-1440,Thousand Give LLC
John,Perez,john.perez663@outlook.com,(662) 145-9394,Left Animal Ltd.
Thomas,Carlson,thomas.carlson97@company.com,(965) 174-8193,Eight Generation Corp.
Alison,Long,alison.long0331@business.net,(214) 517-9428,Doctor Add LLC
Kimberly,White,kimberly.white50@yahoo.com,(194) 183-1438,Little Ten Ltd.
Melanie,Bridges,melanie.bridges055@yahoo.com,(214) 351-6392,Out Area Corp.
Jodi,Jimenez,jodi.jimenez9013@outlook.com,(794) 631-6894,Outside Through LLC
Jon,Crawford,jon.crawford4172@yahoo.com,(251) 682-1197,Reality Grow LLC
Shane,Pena,shane.pena81@outlook.com,(554) 823-7603,Chance Small LLC
Karen,Norman,karen.norman2433@outlook.com,(557) 455-2954,Kind Never Technologies
Olivia,Roberts,olivia.roberts218@yahoo.com,(300) 707-3200,Star Strong Ltd.
Christopher,Gray,christopher.gray7390@outlook.com,(539) 507-8077,Course Either Solutions
Robert,Wells,robert.wells62@outlook.com,(159) 127-9209,Customer Town Solutions
Caleb,Avila,caleb.avila272@yahoo.com,(598) 636-4280,Trade Position Technologies
Rebecca,Morgan,rebecca.morgan95@outlook.com,(844) 579-5222,Poor Speak Ltd.
Robin,Williams,robin.williams024@gmail.com,(447) 474-7349,Clearly Light LLC
Andrew,Rowland,andrew.rowland4308@yahoo.com,(708) 594-8667,Us Hair Technologies
Nancy,Crawford,nancy.crawford4575@outlook.com,(693) 223-7501,Available Involve Corp.
Cody,Prince,cody.prince8738@yahoo.com,(415) 362-6506,Local Hard Group
Paul,Gallegos,paul.gallegos68@yahoo.com,(274) 104-4766,All Suggest Corp.
Randy,Johnson,randy.johnson50@outlook.com,(778) 607-8256,Big Buy Ltd.
Joseph,Perry,joseph.perry49@gmail.com,(803) 980-9008,Company Thing Inc.
Steven,Monroe,steven.monroe9950@gmail.com,(219) 910-7969,Near Than Technologies
Jacob,Guzman,jacob.guzman45@yahoo.com,(664) 487-2818,Others Just Inc.
Roger,Moreno,roger.moreno088@yahoo.com,(709) 192-8667,Marriage Gas Solutions
Lisa,Oliver,lisa.oliver65@company.com,(374) 468-2368,So Team Technologies
Jonathan,Huff,jonathan.huff157@yahoo.com,(554) 648-6260,Election Professor LLC
Heather,Riddle,heather.riddle8968@company.com,(914) 208-2566,Much Network LLC
Carrie,Chen,carrie.chen729@yahoo.com,(916) 925-8042,Very System Group
Michael,Anthony,michael.anthony17@outlook.com,(991) 271-3922,Music Bit LLC
Donna,Harding,donna.harding354@outlook.com,(398) 280-9631,Water Figure Solutions
Maureen,Barnes,maureen.barnes67@outlook.com,(116) 110-2169,Least Power Inc.
Joel,Jenkins,joel.jenkins4295@gmail.com,(955) 288-2400,Remain Wonder Corp.
Stacy,Torres,stacy.torres70@outlook.com,(828) 961-4614,Relate Push Group
Marie,Davis,marie.davis31@gmail.com,(824) 527-4610,Discussion Listen LLC
Christopher,Le,christopher.le80@yahoo.com,(385) 603-1731,Wall This Inc.
Steven,Miller,steven.miller91@company.com,(636) 435-4219,Once Floor Corp.
Ronald,Clements,ronald.clements007@outlook.com,(550) 769-7982,Right Front Group
Erica,Gibbs,erica.gibbs100@business.net,(213) 903-1034,Hand Generation LLC
Emily,Huber,emily.huber2369@yahoo.com,(684) 156-4588,Nearly Stop LLC
Brianna,Allison,brianna.allison23@business.net,(308) 289-1603,Ago Republican LLC
Kelly,Noble,kelly.noble23@business.net,(260) 203-6866,Firm Boy Inc.
Michael,Decker,michael.decker7907@business.net,(102) 729-1548,Husband Officer Ltd.
Russell,Hancock,russell.hancock112@yahoo.com,(968) 285-6393,Rather Appear Solutions
Lisa,Taylor,lisa.taylor8122@business.net,(230) 832-1406,Church Employee Technologies
Steven,Owens,steven.owens584@outlook.com,(807) 673-2466,Positive Part Inc.
John,Smith,john.smith09@yahoo.com,(472) 194-6124,Floor Approach Group
Marisa,Gonzalez,marisa.gonzalez4624@yahoo.com,(356) 345-1999,Hit Against Technologies
Maria,Moreno,maria.moreno08@gmail.com,(942) 672-2012,Cost May Technologies
Katelyn,Davenport,katelyn.davenport90@business.net,(711) 151-8291,Evening Decision Technologies
Chad,Mercado,chad.mercado8922@company.com,(767) 914-4311,Enough Too Ltd.
Erik,Diaz,erik.diaz9485@outlook.com,(321) 660-2684,Particular Goal Inc.
Matthew,Stewart,matthew.stewart675@company.com,(885) 931-9947,Morning Mention Solutions
Rickey,Alexander,rickey.alexander884@business.net,(529) 709-7663,Side Across Ltd.
Regina,Simmons,regina.simmons3331@company.com,(452) 252-3169,City Dog Inc.
Patrick,Rodriguez,patrick.rodriguez1310@outlook.com,(959) 420-1326,Everything Stock Ltd.
George,Salazar,george.salazar3712@business.net,(212) 971-8696,Owner Bill Ltd.
Beth,Santiago,beth.santiago620@company.com,(993) 749-4205,Rock House Technologies
Mark,Floyd,mark.floyd00@company.com,(549) 873-2604,Significant Audience Technologies
Thomas,Kelley,thomas.kelley52@company.com,(752) 407-3774,Community Exactly Technologies
Charles,Dawson,charles.dawson9610@gmail.com,(709) 697-4682,Book Subject Technologies
Robin,Pennington,robin.pennington9869@business.net,(479) 619-7365,Investment Describe Technologies
Paul,Rush,paul.rush22@outlook.com,(736) 358-5308,Institution Cup Group
Jason,Daugherty,jason.daugherty1619@gmail.com,(367) 711-2799,Girl Relate Group
Ashley,Espinoza,ashley.espinoza68@yahoo.com,(780) 960-6950,Over Most Technologies
Edward,Martinez,edward.martinez2327@company.com,(178) 966-6718,Similar Test Inc.
Nicholas,Trevino,nicholas.trevino9214@business.net,(487) 926-7132,Today Huge LLC
Jasmine,Hernandez,jasmine.hernandez567@gmail.com,(955) 754-5875,A Kid Group
Mary,Gibson,mary.gibson5102@gmail.com,(493) 947-8819,Similar Year Solutions
Brian,Bradley,brian.bradley763@outlook.com,(133) 977-2330,Year Size Inc.
Cory,Campos,cory.campos57@gmail.com,(487) 383-5493,Style Last LLC
James,Wood,james.wood153@yahoo.com,(828) 271-3113,Return Eight Solutions
Stacey,Steele,stacey.steele6358@yahoo.com,(658) 309-9090,Organization Truth Technologies
Justin,Williams,justin.williams1884@outlook.com,(532) 786-6878,Modern True Corp.
Erik,Edwards,erik.edwards25@gmail.com,(317) 899-8599,Your Rather Technologies
Briana,Davis,briana.davis34@business.net,(248) 468-8982,Keep Project LLC
Krista,Burke,krista.burke23@outlook.com,(906) 348-2938,Spring Water Solutions
David,Blair,david.blair3858@company.com,(587) 929-8704,Thing Set Corp.
Erin,Thornton,erin.thornton766@business.net,(507) 876-5079,Dream Alone LLC
Martin,Holt,martin.holt905@outlook.com,(247) 127-4804,Development Image Group
Richard,James,richard.james69@gmail.com,(469) 592-6650,Power Resource Group
David,Anderson,david.anderson704@business.net,(921) 581-9989,Region Wear Solutions
Jennifer,Cox,jennifer.cox16@business.net,(492) 678-4276,Student Own Solutions
Tyler,Stevens,tyler.stevens134@business.net,(554) 647-8910,Certain Someone Corp.
Laura,Wyatt,laura.wyatt32@outlook.com,(607) 476-8494,Tree Glass LLC
Jessica,Ashley,jessica.ashley826@business.net,(585) 124-3525,Rather Successful Inc.
Courtney,Mendoza,courtney.mendoza3392@business.net,(241) 438-5692,Successful Other Group
William,Gregory,william.gregory41@outlook.com,(610) 410-6760,Clearly Lot Inc.
Mary,Cobb,mary.cobb5571@yahoo.com,(362) 305-3189,Most Audience Corp.
Lisa,Christensen,lisa.christensen81@gmail.com,(337) 615-3572,These Season Group
Terry,Myers,terry.myers3518@company.com,(501) 963-8446,Rich Me LLC
Wendy,Ramsey,wendy.ramsey496@yahoo.com,(147) 127-8269,Near Short Solutions
Amanda,Lloyd,amanda.lloyd17@business.net,(698) 469-3229,Accept Around Inc.
Darren,Hopkins,darren.hopkins9755@outlook.com,(113) 708-9457,Indicate Deep Inc.
Mallory,Adams,mallory.adams0545@outlook.com,(397) 404-3204,Agree Realize Technologies
Joseph,Fisher,joseph.fisher0665@company.com,(423) 687-7250,Candidate Fill Corp.
Rebecca,Wallace,rebecca.wallace669@business.net,(964) 120-1291,Model Could Corp.
Mario,Bolton,mario.bolton1804@company.com,(370) 228-4530,Within Sound Solutions
Marcus,Elliott,marcus.elliott21@gmail.com,(708) 148-6418,Benefit Much LLC
Michelle,Baker,michelle.baker34@company.com,(471) 293-6738,She Sound Inc.
Brian,Raymond,brian.raymond17@outlook.com,(649) 864-2713,East Campaign LLC
John,Cruz,john.cruz008@outlook.com,(230) 340-2614,Receive Popular Inc.
Troy,Rodriguez,troy.rodriguez9828@gmail.com,(923) 445-4241,Or Process Group
Jeremy,Mahoney,jeremy.mahoney8875@company.com,(560) 897-3518,Little None Inc.
Cory,Edwards,cory.edwards33@business.net,(856) 374-7363,Store May Ltd.
Jesse,Smith,jesse.smith868@company.com,(533) 908-3211,Central Should LLC
George,Olson,george.olson60@gmail.com,(846) 801-1268,Hour Stock Inc.
Sheila,Webster,sheila.webster59@business.net,(824) 925-3566,Pretty Never Corp.
Brianna,Quinn,brianna.quinn4820@outlook.com,(656) 415-5282,Fly Who Technologies
Connie,Smith,connie.smith24@outlook.com,(196) 291-3191,Organization Kitchen Solutions
Nancy,Crawford,nancy.crawford4575@outlook.com,(693) 223-7501,Them Blood Group
Jeremy,Jackson,jeremy.jackson832@business.net,(411) 108-3119,Science Decision Inc.
Steven,Ramirez,steven.ramirez70@yahoo.com,(624) 498-3479,Clearly Once LLC
Victoria,Mendez,victoria.mendez125@yahoo.com,(273) 782-2161,Product South LLC
Rachel,Foster,rachel.foster512@yahoo.com,(581) 906-1870,Imagine Finish Technologies
Sean,Morales,sean.morales457@gmail.com,(856) 653-8189,Ten Mention Solutions
Jerry,Lee,jerry.lee292@gmail.com,(475) 522-9042,Lawyer Building Solutions
Todd,Dennis,todd.dennis82@company.com,(461) 420-3032,Light Between Solutions
Tyler,Moore,tyler.moore896@outlook.com,(552) 932-1902,Whose Behavior Group
Tonya,Garza,tonya.garza1925@gmail.com,(522) 407-7598,Financial Much LLC
James,Clark,james.clark7515@business.net,(690) 462-2067,Source Attention LLC
Katie,Ingram,katie.ingram152@business.net,(627) 944-1846,Way Ready LLC
Wendy,Stark,wendy.stark99@business.net,(518) 464-4369,Throughout Argue Inc.
Thomas,Mcgee,thomas.mcgee552@gmail.com,(353) 499-3732,Phone It Group
Michele,Brooks,michele.brooks18@company.com,(789) 745-7356,View Election Technologies
Brandon,Richardson,brandon.richardson14@company.com,(871) 554-2403,Idea Pass Solutions
Brian,Bridges,brian.bridges629@yahoo.com,(717) 122-9990,History Painting Group
Antonio,Myers,antonio.myers43@business.net,(408) 391-8054,Best Analysis Ltd.
Carly,Patterson,carly.patterson59@yahoo.com,(788) 914-8797,Letter Easy Corp.
Jeremy,Wells,jeremy.wells3368@gmail.com,(791) 811-8030,I Product Technologies
Brett,Smith,brett.smith050@company.com,(824) 603-7477,May Guy Ltd.
Lisa,Torres,lisa.torres67@business.net,(179) 123-6815,About State Corp.
Melissa,Cuevas,melissa.cuevas145@yahoo.com,(974) 218-1237,Show Show Technologies
Brian,White,brian.white0477@company.com,(882) 918-9848,Father Seek Technologies
Bonnie,Taylor,bonnie.taylor033@business.net,(220) 654-3151,Technology Difficult Solutions
Christina,Lamb,christina.lamb530@yahoo.com,(379) 303-2804,Public Various Solutions
Judy,Mooney,judy.mooney792@gmail.com,(276) 699-8807,Court After Inc.
Allison,Jones,allison.jones15@gmail.com,(466) 200-1269,Stage Red Solutions
Sheri,Hensley,sheri.hensley602@business.net,(182) 578-4452,Friend Since Group
Danielle,Pope,danielle.pope10@yahoo.com,(305) 703-5418,How Animal Group
Michelle,Atkinson,michelle.atkinson268@yahoo.com,(593) 298-5581,Goal Through Solutions
Erica,Landry,erica.landry2777@outlook.com,(142) 177-2429,Day Environment Corp.
Lucas,Gonzalez,lucas.gonzalez0747@business.net,(239) 642-3451,Power Technology Inc.
Linda,Phillips,linda.phillips935@company.com,(400) 572-7257,Perhaps Protect Group
Courtney,Walters,courtney.walters966@yahoo.com,(375) 809-5873,Moment Scene Group
Joshua,Williams,joshua.williams366@outlook.com,(311) 353-6678,Assume Local LLC
Adam,Miller,adam.miller5966@company.com,(296) 388-5252,Manage Least Solutions
Jean,Castillo,jean.castillo6868@gmail.com,(975) 312-5782,Build Capital Group
Catherine,Garner,catherine.garner951@yahoo.com,(579) 599-3308,Industry Seven Group
Tyler,Ewing,tyler.ewing11@company.com,(174) 562-4086,Hit Grow Solutions
Jennifer,Smith,jennifer.smith6497@outlook.com,(908) 336-6374,Economy Program Technologies
Tyrone,Johnson,tyrone.johnson219@outlook.com,(927) 850-9971,Movement Require Solutions
Travis,Navarro,travis.navarro45@company.com,(529) 212-4479,Special Success Ltd.
Nathaniel,Moreno,nathaniel.moreno722@gmail.com,(651) 667-4718,South Production Corp.
Justin,Lyons,justin.lyons2541@company.com,(115) 797-3257,Head Purpose Ltd.
Brandon,Wilson,brandon.wilson1465@business.net,(251) 737-9106,Theory Three Corp.
Michael,Jones,michael.jones156@business.net,(106) 296-5419,Sure Think Solutions
Kimberly,Conner,kimberly.conner21@company.com,(139) 124-4877,Just This Corp.
Jason,Henderson,jason.henderson3835@gmail.com,(542) 267-7607,Itself Friend Ltd.
Richard,Williams,richard.williams0707@outlook.com,(481) 659-2615,International See Inc.
Mary,Jenkins,mary.jenkins87@business.net,(295) 590-2278,Range Past Corp.
Martha,Elliott,martha.elliott1814@gmail.com,(854) 872-3183,Mrs Many Group
Jason,Gross,jason.gross204@outlook.com,(511) 934-9031,Key Still Ltd.
Julian,Poole,julian.poole8149@yahoo.com,(692) 950-3066,Although Record Corp.
Brandon,Gamble,brandon.gamble729@company.com,(617) 472-3749,Son Blood Ltd.
Brandon,Williams,brandon.williams199@company.com,(452) 605-3656,Risk Several Corp.
Rick,Moreno,rick.moreno44@yahoo.com,(578) 596-1450,Quite Would LLC
Eric,Heath,eric.heath5780@outlook.com,(928) 873-9289,Pass Tv Technologies
Diane,David,diane.david633@gmail.com,(363) 882-7487,Chance Discuss Corp.
Travis,Harvey,travis.harvey57@gmail.com,(377) 416-3882,Out Property Ltd.
Robert,Molina,robert.molina90@business.net,(498) 607-6471,Wish Wonder LLC
Kelly,Ramos,kelly.ramos491@outlook.com,(507) 186-9336,Along Wrong Corp.
Jacob,Cardenas,jacob.cardenas2761@business.net,(944) 584-1924,Brother Among Solutions
Tiffany,Rodriguez,tiffany.rodriguez1178@business.net,(290) 614-7150,Look There LLC
John,Smith,john.smith03@gmail.com,(810) 858-9222,Add Long LLC
Roy,Hernandez,roy.hernandez511@outlook.com,(180) 892-1160,Tonight Series Solutions
Ruth,Wheeler,ruth.wheeler9830@outlook.com,(450) 963-9152,Able Activity Ltd.
Andrew,Sanders,andrew.sanders76@business.net,(635) 931-5737,Good Left Group
Philip,Garcia,philip.garcia845@gmail.com,(989) 127-8930,Car Do Solutions
Joseph,Gomez,joseph.gomez52@company.com,(358) 602-8785,Base Right Group
Michael,Richardson,michael.richardson6242@company.com,(562) 918-1408,Perhaps Thank Ltd.
Diana,Gentry,diana.gentry2164@company.com,(897) 175-3381,Energy Operation Solutions
Steve,Green,steve.green1076@yahoo.com,(646) 891-6786,Security Thought LLC
Kenneth,Morgan,kenneth.morgan279@yahoo.com,(847) 435-2141,Relate Thing Group
David,Williams,david.williams79@business.net,(420) 660-8344,Kid Drive Group
Courtney,Guerrero,courtney.guerrero337@company.com,(297) 416-6021,Window Purpose Technologies
Sara,Figueroa,sara.figueroa8425@business.net,(465) 752-4124,Stand Race Ltd.
Melissa,Horne,melissa.horne967@company.com,(217) 975-6809,It Friend Ltd.
Laura,Jimenez,laura.jimenez3112@gmail.com,(590) 730-6660,Live More Corp.
Dylan,Wright,dylan.wright5522@outlook.com,(281) 872-9175,World Role Corp.
Kelli,Terry,kelli.terry75@outlook.com,(534) 663-7371,Meeting When LLC
Nancy,Santiago,nancy.santiago573@outlook.com,(403) 598-5187,Particularly Member Solutions
Todd,Byrd,todd.byrd578@company.com,(775) 207-3672,Each Open Solutions
Susan,Cobb,susan.cobb5181@business.net,(105) 589-1065,Property Key Ltd.
Sean,Martin,sean.martin3048@company.com,(152) 177-4010,Protect Agency Group
Troy,Graham,troy.graham515@outlook.com,(519) 620-7002,Occur Either Inc.
Wendy,Swanson,wendy.swanson290@gmail.com,(934) 624-5814,Feel Condition Inc.
Yvette,Thompson,yvette.thompson33@business.net,(713) 382-1726,Agreement Guy Corp.
Patricia,Marshall,patricia.marshall45@business.net,(262) 242-1098,Mission Those Inc.
Alexis,Marks,alexis.marks3699@outlook.com,(680) 987-6871,Particularly Senior Technologies
Emily,Rodriguez,emily.rodriguez658@company.com,(126) 265-4173,Want Item Solutions
Javier,Whitaker,javier.whitaker0224@gmail.com,(326) 532-7793,Time Plant Technologies
Angela,Martin,angela.martin432@gmail.com,(479) 693-8889,Direction Him Ltd.
Jacqueline,Huber,jacqueline.huber442@outlook.com,(897) 935-8799,Memory Scientist Technologies
Keith,Burton,keith.burton06@business.net,(922) 387-4514,Plan Course Solutions
Joseph,Bowen,joseph.bowen00@gmail.com,(295) 473-3206,Happy Room Ltd.
Gerald,Harris,gerald.harris372@gmail.com,(442) 682-9880,Last Open Group
Matthew,Morales,matthew.morales64@gmail.com,(300) 916-6276,Radio Difference Group
Tammie,Lewis,tammie.lewis4095@gmail.com,(787) 124-2735,Executive Fall Corp.
Catherine,Peters,catherine.peters588@yahoo.com,(307) 386-6677,Key Buy Group
Jean,French,jean.french74@gmail.com,(433) 255-1765,Action Probably Group
Kathryn,Fields,kathryn.fields51@outlook.com,(366) 523-5248,Medical Which Inc.
Connie,Becker,connie.becker784@company.com,(728) 453-3421,Better Pretty Technologies
Ricky,Esparza,ricky.esparza87@gmail.com,(609) 982-6573,None Born Group
Michelle,Miller,michelle.miller60@outlook.com,(665) 962-1329,Information Nothing Corp.
Christine,Todd,christine.todd798@gmail.com,(709) 807-5947,Large Day Solutions
Shawn,Gomez,shawn.gomez558@gmail.com,(551) 685-2370,Pay Statement Inc.
Gregory,Morris,gregory.morris0491@business.net,(457) 188-8394,Help Eight Group
James,Taylor,james.taylor463@outlook.com,(363) 569-7756,Pretty Coach LLC
Jeffrey,Bautista,jeffrey.bautista72@gmail.com,(233) 581-7728,Peace You Technologies
Deanna,Jordan,deanna.jordan384@yahoo.com,(522) 146-3339,Purpose Task LLC
Robert,Griffin,robert.griffin918@yahoo.com,(516) 902-8615,Those First Technologies
Craig,White,craig.white8174@company.com,(942) 618-5088,Similar Why Inc.
Sandra,Bennett,sandra.bennett8310@yahoo.com,(736) 949-3066,Write Federal Ltd.
Jennifer,Williams,jennifer.williams789@company.com,(250) 799-4500,So Issue Group
Bianca,Crawford,bianca.crawford219@gmail.com,(975) 813-3044,Grow Actually Corp.
Kristopher,Newton,kristopher.newton916@gmail.com,(835) 320-5954,Off Thus Corp.
William,Stevens,william.stevens6512@yahoo.com,(390) 464-1152,End Possible Ltd.
Roberta,Mitchell,roberta.mitchell479@yahoo.com,(780) 674-1841,Course Other Technologies
Thomas,Weber,thomas.weber08@gmail.com,(251) 317-1574,Defense Manage Solutions
Michael,Ortega,michael.ortega314@gmail.com,(490) 523-9606,Education Entire Group
Cory,Castro,cory.castro79@gmail.com,(936) 518-7430,Clearly Television Ltd.
Jared,Turner,jared.turner268@business.net,(391) 450-2493,Material Next Corp.
Devin,Roberts,devin.roberts3631@gmail.com,(979) 796-4686,Late Matter Technologies
Patricia,Dillon,patricia.dillon27@yahoo.com,(576) 925-7300,Late However Ltd.
Robert,Lowe,robert.lowe722@business.net,(948) 205-3618,Once Alone Group
Ashley,Douglas,ashley.douglas056@yahoo.com,(722) 513-2225,First Fact Corp.
Jose,Curtis,jose.curtis5872@business.net,(815) 727-5625,Scene Its Inc.
Danny,Cabrera,danny.cabrera9238@gmail.com,(516) 793-4288,Always Today Group
Steven,Lane,steven.lane67@gmail.com,(234) 366-4257,Today Fact Technologies
John,Porter,john.porter8526@business.net,(458) 191-7857,Serious Effect Solutions
Kendra,Sosa,kendra.sosa4087@business.net,(666) 235-6995,Rest Throw LLC
Mary,Ramirez,mary.ramirez92@company.com,(242) 750-7195,High Else LLC
Kathleen,Green,kathleen.green219@yahoo.com,(957) 259-6340,Peace Animal Solutions
Nicole,Smith,nicole.smith49@yahoo.com,(996) 977-5466,Pass Form Ltd.
Taylor,Novak,taylor.novak923@gmail.com,(638) 156-4808,Represent Radio Inc.
Thomas,Parker,thomas.parker63@outlook.com,(265) 330-2276,Baby Compare Ltd.
Amy,Gross,amy.gross84@business.net,(252) 508-2614,Nor Hit Ltd.
Emma,Anderson,emma.anderson651@yahoo.com,(719) 393-9434,For South Corp.
Lisa,Ward,lisa.ward642@yahoo.com,(551) 617-3768,Standard Mother Ltd.
Benjamin,Perez,benjamin.perez593@yahoo.com,(688) 234-1721,Card Scientist Inc.
Rachel,Kelly,rachel.kelly474@gmail.com,(255) 926-1653,Itself Evening Group
Megan,Schneider,megan.schneider595@outlook.com,(381) 932-1525,We Memory Solutions
Sherry,Davis,sherry.davis08@gmail.com,(704) 346-5254,Contain Activity Solutions
Joseph,Anderson,joseph.anderson073@gmail.com,(988) 811-3079,Care Science Inc.
Matthew,Baker,matthew.baker5492@company.com,(175) 803-8984,Party New Solutions
Michelle,Cannon,michelle.cannon4363@outlook.com,(153) 673-9736,School Want Inc.
Alexander,Jackson,alexander.jackson3012@business.net,(650) 922-7458,Relate Trouble Group
James,Mitchell,james.mitchell337@outlook.com,(621) 362-8494,View Top Ltd.
Timothy,Howard,timothy.howard61@gmail.com,(543) 446-8374,No Occur Group
Amanda,Fletcher,amanda.fletcher708@outlook.com,(411) 162-1021,Mention Clear Corp.
Jeremiah,Obrien,jeremiah.obrien8607@business.net,(706) 533-6763,Why Town Solutions
Reginald,Franklin,reginald.franklin3158@outlook.com,(731) 963-9207,Attorney Born Group
Jason,Levy,jason.levy16@yahoo.com,(702) 314-7302,Within Four Solutions
Hector,Smith,hector.smith37@business.net,(651) 102-3454,Budget Entire Ltd.
Toni,Hendricks,toni.hendricks61@outlook.com,(594) 317-4274,Thousand Describe Group
James,Daniels,james.daniels5534@gmail.com,(429) 477-9066,President Thank LLC
Brian,Avery,brian.avery35@outlook.com,(389) 575-7764,Unit Line Technologies
Michelle,Bailey,michelle.bailey964@company.com,(501) 608-3031,Last Information LLC
Shawna,Robinson,shawna.robinson808@business.net,(990) 421-4811,Lay Success Solutions
Shannon,Odonnell,shannon.odonnell746@business.net,(265) 185-3987,Great Anyone Ltd.
Stephanie,James,stephanie.james768@gmail.com,(861) 554-6146,Theory Various Ltd.
Miranda,Brock,miranda.brock54@business.net,(220) 112-6449,Popular Magazine Group
Vanessa,Rodriguez,vanessa.rodriguez4241@company.com,(314) 664-4602,Cost Treat Technologies
Vanessa,Smith,vanessa.smith442@outlook.com,(243) 382-4996,Use Choose Inc.
Adam,Hernandez,adam.hernandez7491@business.net,(358) 626-5552,Indicate Late Technologies
Hannah,Andrews,hannah.andrews5183@business.net,(563) 296-2344,Sell Kind LLC
Jose,Mccoy,jose.mccoy59@company.com,(256) 893-7782,Discuss Scene Group
Brittany,Preston,brittany.preston001@gmail.com,(812) 432-7688,Eight Fund Technologies
Jennifer,Wood,jennifer.wood8974@yahoo.com,(454) 346-8929,Early Along Inc.
Steve,Baxter,steve.baxter10@gmail.com,(107) 602-9662,Address Country LLC
Zachary,James,zachary.james52@yahoo.com,(319) 253-2536,Against My Corp.
Michelle,Hopkins,michelle.hopkins0132@yahoo.com,(238) 616-9476,Brother Method Ltd.
Paul,Young,paul.young53@outlook.com,(911) 799-6320,Position Likely Solutions
Allison,Robbins,allison.robbins4305@outlook.com,(394) 284-9503,Cut Almost LLC
Jimmy,Delgado,jimmy.delgado8492@yahoo.com,(535) 809-9292,Matter Create Ltd.
Danielle,Perez,danielle.perez22@company.com,(328) 992-5319,Seven Sea Group
Andrea,Hall,andrea.hall82@company.com,(982) 632-1423,Protect Wonder Group
Karen,Mayer,karen.mayer12@outlook.com,(532) 861-4017,Thing Alone Solutions
Kayla,Barnett,kayla.barnett11@gmail.com,(579) 321-8074,Free Attorney Corp.
Belinda,Lee,belinda.lee84@gmail.com,(439) 436-7944,Window Why Technologies
Sarah,Evans,sarah.evans13@company.com,(320) 985-4558,Catch Wait Solutions
Adam,Smith,adam.smith7723@gmail.com,(756) 221-9539,Ability Mr Technologies
Mark,Carroll,mark.carroll642@gmail.com,(266) 165-1163,Campaign Peace Ltd.
Elizabeth,Norman,elizabeth.norman06@outlook.com,(100) 683-3187,Off Behavior Corp.
Bonnie,Russell,bonnie.russell7885@company.com,(515) 520-1552,Big Election Ltd.
Kathleen,Davidson,kathleen.davidson5095@yahoo.com,(924) 213-5815,Health Benefit LLC
Daniel,Pratt,daniel.pratt82@business.net,(434) 992-8518,Heavy Throughout LLC
William,Montgomery,william.montgomery102@business.net,(161) 839-3963,Hundred Call Solutions
Justin,Mayer,justin.mayer35@business.net,(421) 471-7895,Particularly Unit Inc.
Richard,Silva,richard.silva049@yahoo.com,(271) 401-8816,Onto Dinner Corp.
Valerie,Chase,valerie.chase380@gmail.com,(500) 267-1164,Item Down Inc.
Tyler,Neal,tyler.neal6760@yahoo.com,(950) 835-3467,Prepare May Technologies
Jeffrey,Salazar,jeffrey.salazar3303@yahoo.com,(271) 930-2722,Like No Technologies
Alexandra,Key,alexandra.key259@company.com,(226) 118-8607,Situation Former Corp.
Kevin,Martin,kevin.martin952@yahoo.com,(504) 288-8923,Good Find Inc.
Ian,Dominguez,ian.dominguez142@outlook.com,(389) 178-2652,Institution However Inc.
Kylie,Turner,kylie.turner75@yahoo.com,(773) 252-6531,From Product Ltd.
Gabriel,Harrell,gabriel.harrell913@company.com,(164) 170-8528,Start Dog Corp.
Emily,Gilbert,emily.gilbert75@outlook.com,(522) 399-9669,Everything Hospital LLC
Manuel,Villa,manuel.villa4423@company.com,(851) 112-1878,Expert Practice LLC
Jennifer,Bell,jennifer.bell2171@yahoo.com,(386) 894-8179,Image Soon Ltd.
Andrea,Miller,andrea.miller54@outlook.com,(357) 219-3238,Memory Same Inc.
Mikayla,Miller,mikayla.miller8202@outlook.com,(416) 523-1942,Huge Really Ltd.
Vincent,Bates,vincent.bates6900@company.com,(949) 792-2603,Feel Fall LLC
Willie,Howard,willie.howard83@yahoo.com,(129) 227-2442,Sister Popular Corp.
Lori,Rogers,lori.rogers87@yahoo.com,(919) 747-3281,As Large Technologies
Cindy,Williams,cindy.williams5712@yahoo.com,(799) 434-4159,Star Science Technologies
Kathleen,Johnson,kathleen.johnson1731@business.net,(690) 899-7846,Security Surface Corp.
Amber,Thompson,amber.thompson409@business.net,(443) 964-5681,Yes Nation Solutions
Laurie,Ayers,laurie.ayers194@gmail.com,(498) 748-8723,Find Discuss Group
Melissa,Griffith,melissa.griffith82@outlook.com,(593) 827-4475,Policy Only Ltd.
Kari,Wilkerson,kari.wilkerson6863@outlook.com,(840) 622-1247,Deep Away Technologies
Kimberly,Gomez,kimberly.gomez42@gmail.com,(323) 700-5884,Despite Rule Inc.
Amy,Ferguson,amy.ferguson352@gmail.com,(186) 173-6484,Science Song LLC
Mark,Robinson,mark.robinson39@outlook.com,(673) 818-5880,Top Let Inc.
Michael,Erickson,michael.erickson0745@outlook.com,(397) 578-6778,Body No Ltd.
Jonathan,Smith,jonathan.smith4589@business.net,(459) 828-6418,Study Dinner Inc.
Christopher,Velasquez,christopher.velasquez6730@company.com,(946) 328-4504,Seven Listen Group
Rhonda,Randall,rhonda.randall387@yahoo.com,(516) 950-9653,Race Exactly Ltd.
Jeffrey,Livingston,jeffrey.livingston8954@business.net,(128) 994-8787,Effort Central Solutions
Michael,Kaiser,michael.kaiser32@yahoo.com,(653) 885-8640,Safe Shoulder Ltd.
Christina,Caldwell,christina.caldwell4430@yahoo.com,(433) 504-2384,Avoid Arrive Solutions
Samuel,Colon,samuel.colon427@yahoo.com,(147) 654-2957,Future For Corp.
Philip,Estes,philip.estes03@outlook.com,(697) 531-1659,Here Life Corp.
Amy,Mendoza,amy.mendoza654@yahoo.com,(170) 424-5922,Improve Wind Inc.
Tammy,Johnson,tammy.johnson66@business.net,(575) 338-9826,Peace Decision Ltd.
John,Henderson,john.henderson321@outlook.com,(393) 176-9597,Cause Recent LLC
James,Strickland,james.strickland16@business.net,(560) 877-5154,Tv Language Technologies
Connie,Waller,connie.waller062@outlook.com,(998) 794-4780,Ability Great Technologies
Jonathan,White,jonathan.white75@yahoo.com,(970) 113-1844,Walk Audience Inc.
Barbara,Molina,barbara.molina0691@business.net,(966) 319-5948,Indeed College Corp.
Anna,Gordon,anna.gordon849@gmail.com,(408) 896-1055,Human Arrive Inc.
Shannon,Wilkinson,shannon.wilkinson655@gmail.com,(135) 561-9337,Manager Oil Corp.
Lisa,Smith,lisa.smith3558@outlook.com,(994) 421-1401,Yes Degree Group
David,Christensen,david.christensen56@company.com,(792) 268-4212,Leave Rule Ltd.
Yolanda,Scott,yolanda.scott12@outlook.com,(510) 271-7362,Available Democrat Solutions
Stephanie,Lambert,stephanie.lambert900@gmail.com,(147) 260-3086,Tree Positive Ltd.
Troy,Rodriguez,troy.rodriguez74@outlook.com,(262) 902-9735,Certain Enter Inc.
Joseph,Fernandez,joseph.fernandez84@outlook.com,(194) 515-3579,Court Address Ltd.
Melissa,Powers,melissa.powers487@company.com,(914) 581-2765,Through Serious Corp.
Karen,Martinez,karen.martinez99@yahoo.com,(271) 813-5600,City Which LLC
Joseph,Cordova,joseph.cordova14@yahoo.com,(529) 591-9122,Adult List Group
Melissa,Cooke,melissa.cooke864@company.com,(681) 598-7220,Picture About Corp.
Tonya,Sloan,tonya.sloan108@outlook.com,(934) 327-6396,College Plant LLC
Vickie,Ross,vickie.ross26@business.net,(669) 867-5297,Run Relate Solutions
Melissa,Cole,melissa.cole7615@company.com,(405) 868-3090,Physical Long Group
Dylan,Peck,dylan.peck963@outlook.com,(430) 115-7106,Stuff Rule Solutions
Shannon,Smith,shannon.smith64@outlook.com,(391) 520-9874,Reason Message Technologies
Joshua,Mccann,joshua.mccann2574@company.com,(465) 308-5218,Try Space Ltd.
Joseph,Roberts,joseph.roberts292@business.net,(798) 308-2766,Travel Fact Solutions
Cheryl,Garcia,cheryl.garcia77@business.net,(748) 480-8700,Gas Instead Technologies
Kimberly,White,kimberly.white50@yahoo.com,(575) 614-7036,Off Democrat Group
Patrick,Graves,patrick.graves3777@business.net,(376) 955-9605,Case Easy LLC
Lauren,Hobbs,lauren.hobbs41@business.net,(845) 191-2731,Toward Coach Corp.
Yesenia,Huff,yesenia.huff53@company.com,(825) 448-3816,Else Successful Ltd.
Brett,Kim,brett.kim3313@business.net,(397) 251-5433,Artist Turn Technologies
Alexandria,Jackson,alexandria.jackson52@business.net,(144) 472-4243,Reach Nearly Solutions
Sharon,Harper,sharon.harper91@company.com,(368) 881-5950,Always Memory LLC
Jeffrey,Love,jeffrey.love16@outlook.com,(197) 818-1091,Phone Major Technologies
Kevin,Maldonado,kevin.maldonado393@company.com,(934) 345-8435,Yard Hundred Group
Danielle,Rose,danielle.rose055@outlook.com,(947) 690-1368,Gas Wish Group
Scott,Lewis,scott.lewis4650@business.net,(375) 904-6559,Thing Offer Ltd.
Susan,White,susan.white13@yahoo.com,(298) 861-5227,Thank Line Group
Shelly,Martin,shelly.martin0871@yahoo.com,(247) 325-5329,Resource Sense Group
Randall,Horton,randall.horton322@yahoo.com,(352) 269-3325,Strategy Congress Ltd.
Nicole,Norris,nicole.norris17@outlook.com,(446) 998-3037,Conference Media Technologies
Lance,Taylor,lance.taylor32@yahoo.com,(459) 920-9812,Much Hope Group
Heather,Rodriguez,heather.rodriguez10@company.com,(788) 554-2998,Explain Him Group
Rachel,Gonzales,rachel.gonzales677@company.com,(305) 911-2715,Move Interest Ltd.
Jerome,Hernandez,jerome.hernandez54@gmail.com,(717) 523-2886,Meeting Mention Inc.
Gary,Johnson,gary.johnson076@company.com,(383) 836-8897,Nothing Such Inc.
Sheila,Villa,sheila.villa3500@outlook.com,(106) 266-3729,Voice Offer Inc.
Edward,Moore,edward.moore55@gmail.com,(445) 716-2787,Market Should LLC
Marie,Gomez,marie.gomez32@company.com,(409) 710-9742,Stuff Western Technologies
Katherine,Payne,katherine.payne900@outlook.com,(326) 292-5701,Office Which Solutions
Eric,Lee,eric.lee3287@company.com,(581) 686-8881,Least Close LLC
Anna,Johnson,anna.johnson83@gmail.com,(816) 469-1228,Together Work Inc.
Rita,Thompson,rita.thompson4468@gmail.com,(930) 550-6978,Data Others Ltd.
Stephanie,Moore,stephanie.moore7887@yahoo.com,(141) 723-2484,Concern International Group
Tammy,Mckinney,tammy.mckinney490@gmail.com,(356) 997-1855,Above Cause Ltd.
Joseph,Cobb,joseph.cobb281@gmail.com,(157) 569-8008,Common Scene Inc.
Rebecca,Owen,rebecca.owen210@business.net,(391) 851-8659,Debate Travel Solutions
Darlene,Phillips,darlene.phillips774@yahoo.com,(907) 680-7666,Yes Floor LLC
John,Clark,john.clark6225@yahoo.com,(677) 707-2006,Share Hour Inc.
Bradley,Higgins,bradley.higgins663@gmail.com,(905) 156-9626,Surface Artist Ltd.
Andrew,Costa,andrew.costa8061@outlook.com,(593) 555-6948,Fast Plant Technologies
James,Carr,james.carr538@yahoo.com,(834) 175-2478,Environmental Hear LLC
Rhonda,Sanchez,rhonda.sanchez877@gmail.com,(576) 707-2778,Begin Marriage Corp.
Susan,Graves,susan.graves13@yahoo.com,(327) 489-5976,Commercial Money Technologies
Victor,Manning,victor.manning22@yahoo.com,(699) 254-9053,Serious Middle LLC
Erica,Crosby,erica.crosby810@outlook.com,(816) 314-4089,Relate Answer Solutions
Jonathan,Rivas,jonathan.rivas16@outlook.com,(238) 295-9629,Position Help Ltd.
Kimberly,Rocha,kimberly.rocha893@business.net,(119) 283-3202,The Employee Solutions
Glenn,Davidson,glenn.davidson50@yahoo.com,(191) 392-5407,They List Group
Anthony,Short,anthony.short5380@business.net,(671) 866-9299,Force Bag Solutions
Stanley,Bell,stanley.bell3857@business.net,(958) 461-6965,Huge Particular Technologies
Alan,Haney,alan.haney632@gmail.com,(231) 254-4950,Sell Question Solutions
Patrick,Hernandez,patrick.hernandez89@gmail.com,(981) 153-2407,Exist Rule LLC
Jeanette,Duarte,jeanette.duarte16@outlook.com,(557) 371-6521,Question Heart Inc.
Samantha,Wong,samantha.wong783@gmail.com,(188) 593-5233,Wear Admit Ltd.
Amy,Evans,amy.evans4473@business.net,(647) 269-2561,Training Help Solutions
Rita,Frank,rita.frank9270@business.net,(690) 832-4324,Its Will Technologies
Jose,Dennis,jose.dennis946@company.com,(908) 690-3296,Hour To Inc.
Julia,Keith,julia.keith95@outlook.com,(120) 672-7093,Prepare That Group
Christian,Reed,christian.reed5703@business.net,(161) 558-9967,Any Ready Inc.
Gerald,Vargas,gerald.vargas4794@company.com,(629) 274-4479,Report Before LLC
Christina,Rubio,christina.rubio3793@yahoo.com,(865) 477-6837,Than Material LLC
Patricia,Coleman,patricia.coleman9673@company.com,(124) 459-7230,Buy Theory Corp.
Sarah,Burgess,sarah.burgess41@business.net,(443) 578-4939,Blue Memory LLC
Wesley,Rivers,wesley.rivers68@outlook.com,(284) 920-3504,Ground Just Group
Ryan,Novak,ryan.novak40@business.net,(645) 337-9414,Size Accept Corp.
Robert,Curry,robert.curry66@yahoo.com,(156) 492-8618,Stuff Collection Inc.
Todd,Burns,todd.burns355@outlook.com,(412) 879-4967,Lawyer Class Solutions
April,Hall,april.hall838@business.net,(319) 607-4444,Father Outside Group
Jack,Young,jack.young30@gmail.com,(635) 506-3735,Give Role Technologies
Steve,Smith,steve.smith7189@gmail.com,(630) 539-8516,Find Customer Technologies
Donald,Mullins,donald.mullins4689@gmail.com,(400) 252-2045,Strategy Safe Solutions
Jessica,Stevenson,jessica.stevenson577@gmail.com,(555) 295-4350,Star Man Ltd.
Michele,Perry,michele.perry710@company.com,(113) 835-1112,News Practice Technologies
John,Wiley,john.wiley93@outlook.com,(904) 182-7765,Owner Point Solutions
Philip,Olsen,philip.olsen761@business.net,(540) 835-3851,For Ask LLC
Douglas,Johnson,douglas.johnson458@company.com,(477) 943-2700,Whatever Class Inc.
Kim,Diaz,kim.diaz900@company.com,(942) 183-2103,Describe Add LLC
Brooke,Carrillo,brooke.carrillo9504@gmail.com,(999) 634-2148,Top Into Ltd.
David,Delgado,david.delgado63@gmail.com,(632) 890-1542,Almost In Solutions
Robert,Carter,robert.carter163@business.net,(473) 186-2031,Send Science Ltd.
David,Trevino,david.trevino63@company.com,(840) 728-5467,Skill Answer Ltd.
Evelyn,Hawkins,evelyn.hawkins6693@outlook.com,(534) 980-6292,Only Notice Inc.
Rebecca,Burns,rebecca.burns00@outlook.com,(443) 534-5712,Evidence Movie Corp.
Gregory,Martinez,gregory.martinez4651@yahoo.com,(232) 752-1687,Five Station Corp.
Colleen,Martin,colleen.martin73@outlook.com,(131) 388-9767,Billion Concern Technologies
Robert,Bishop,robert.bishop152@business.net,(411) 196-5699,His Cultural Inc.
Bryan,Alvarez,bryan.alvarez735@gmail.com,(379) 348-9708,Difficult Cut Inc.
Lauren,Allen,lauren.allen831@company.com,(998) 993-7628,Leave Forward Corp.
Anita,Jacobs,anita.jacobs0053@business.net,(577) 953-3345,Identify While Ltd.
Ann,Dunn,ann.dunn357@yahoo.com,(279) 369-3812,Region Professor Corp.
Nicole,Gentry,nicole.gentry5036@outlook.com,(635) 660-6465,Measure Treatment Corp.
Rachel,Russell,rachel.russell5667@yahoo.com,(749) 483-4073,Adult Ground Group
Rodney,Hughes,rodney.hughes34@outlook.com,(986) 146-2586,Air Hospital Ltd.
Michael,Powell,michael.powell756@outlook.com,(675) 537-6591,Prove White Technologies
Sharon,Rodriguez,sharon.rodriguez202@business.net,(158) 390-1950,Fund Low Technologies
Tammy,Marshall,tammy.marshall77@yahoo.com,(964) 360-4950,Night Truth Technologies
George,Lopez,george.lopez41@gmail.com,(684) 164-6736,Manager Dark Group
James,Wallace,james.wallace93@gmail.com,(436) 518-2734,Loss Many Ltd.
John,Mann,john.mann52@company.com,(900) 674-7785,Wish Some Group
Karen,Martinez,karen.martinez360@outlook.com,(910) 291-2469,Various Build LLC
Gary,Martin,gary.martin50@gmail.com,(854) 167-2605,Choose Lose Corp.
Laura,Davis,laura.davis4774@gmail.com,(360) 950-7436,Edge Interest Ltd.
Eugene,Powell,eugene.powell690@outlook.com,(336) 371-5639,Laugh Term LLC
Anthony,Smith,anthony.smith742@gmail.com,(956) 578-8783,Stay Wide Technologies
Karen,Young,karen.young3897@business.net,(323) 984-7008,True Fact Ltd.
Ricardo,Chen,ricardo.chen266@business.net,(341) 544-6596,Rather Yet Inc.
Adam,Rubio,adam.rubio6115@gmail.com,(740) 800-6981,Different Way Ltd.
Margaret,Smith,margaret.smith43@gmail.com,(534) 714-9926,Most Simply Inc.
Daniel,Kent,daniel.kent362@outlook.com,(762) 179-6826,Doctor Whether Solutions
Kimberly,Carey,kimberly.carey20@company.com,(892) 685-9580,Same Continue Group
Renee,Lopez,renee.lopez82@gmail.com,(546) 292-6396,Produce Activity Solutions
Miguel,Davis,miguel.davis576@company.com,(252) 855-3199,State Number Solutions
Jennifer,Everett,jennifer.everett00@outlook.com,(730) 475-8464,Second Son Solutions
Lindsey,Simon,lindsey.simon99@business.net,(568) 899-9889,Before Page Technologies
Walter,Wilkinson,walter.wilkinson036@yahoo.com,(732) 545-7140,Market Claim LLC
Brad,Little,brad.little37@business.net,(613) 345-1269,During Tax Corp.
Roberta,Sampson,roberta.sampson47@outlook.com,(384) 241-4386,Red Trouble Solutions
John,Porter,john.porter8526@business.net,(458) 191-7857,Serious Effect Solutions
Patricia,Day,patricia.day76@outlook.com,(880) 764-3794,Young Popular Inc.
Julie,Dominguez,julie.dominguez01@business.net,(208) 246-1016,And Score Group
Juan,Cunningham,juan.cunningham9440@business.net,(998) 500-7858,Call Moment Corp.
Russell,Vang,russell.vang65@yahoo.com,(851) 134-8326,Group Concern Ltd.
William,Coleman,william.coleman3444@company.com,(494) 130-1119,Mind Goal Group
Ryan,Jackson,ryan.jackson53@outlook.com,(311) 136-5573,Network Affect Inc.
Madison,Torres,madison.torres807@yahoo.com,(526) 295-9843,Each Personal Inc.
Brenda,Duncan,brenda.duncan64@business.net,(799) 867-7472,My Opportunity Inc.
Allen,Gordon,allen.gordon12@business.net,(446) 281-2159,Major Dream LLC
Chase,Barker,chase.barker4744@outlook.com,(212) 916-8510,Week Should Corp.
Steven,Jackson,steven.jackson7380@company.com,(516) 734-5251,Get Fight Inc.
John,Jacobs,john.jacobs76@company.com,(598) 881-9277,Task Social Ltd.
Tracy,Rodriguez,tracy.rodriguez890@yahoo.com,(498) 673-3829,Travel Campaign Inc.
Shelby,Kennedy,shelby.kennedy7767@business.net,(512) 160-6424,Fine Rate Corp.
Alejandro,Vega,alejandro.vega36@outlook.com,(708) 492-4932,Whether Early Technologies
William,Higgins,william.higgins50@outlook.com,(900) 225-3131,Capital Well Solutions
Rachel,Gregory,rachel.gregory652@company.com,(549) 375-3742,Respond Lose Group
Tamara,Carlson,tamara.carlson1618@yahoo.com,(246) 296-8735,Force Yeah Inc.
Mary,Garza,mary.garza5280@outlook.com,(840) 907-6545,Wife We Solutions
John,Martin,john.martin072@business.net,(558) 937-3802,A Gas Solutions
Mindy,Zuniga,mindy.zuniga55@yahoo.com,(269) 229-4751,Kid Million Ltd.
Julie,Crawford,julie.crawford65@gmail.com,(380) 572-9729,Exist Choose Inc.
Thomas,Gonzalez,thomas.gonzalez5730@outlook.com,(986) 946-7903,Kind Spend Corp.
Wendy,Brown,wendy.brown414@yahoo.com,(788) 723-1737,Woman Civil Inc.
Jorge,Pacheco,jorge.pacheco1030@outlook.com,(964) 121-4554,Value Believe Technologies
Scott,Long,scott.long1685@business.net,(536) 186-9323,Kid Great Group
Jonathan,Little,jonathan.little2253@gmail.com,(149) 205-3054,Cut Alone LLC
Susan,Miller,susan.miller99@yahoo.com,(980) 788-6452,Record Medical Inc.
Karen,Alvarez,karen.alvarez265@yahoo.com,(203) 966-4593,This Night Ltd.
Bruce,Salinas,bruce.salinas436@business.net,(825) 867-2617,Pull Television Corp.
Ryan,Cole,ryan.cole4217@yahoo.com,(379) 217-4891,Lose Kitchen Group
Mary,Rodriguez,mary.rodriguez77@company.com,(552) 793-5272,Party Window LLC
Craig,Walker,craig.walker625@outlook.com,(678) 581-3372,Agree Away Corp.
Dominic,Rodriguez,dominic.rodriguez71@outlook.com,(180) 758-4584,Want Should Solutions
Brian,Owens,brian.owens27@outlook.com,(504) 206-3802,Building Sometimes Corp.
William,Johnson,william.johnson40@gmail.com,(381) 679-7223,Child Carry Corp.
Andre,Wilson,andre.wilson39@gmail.com,(289) 345-5450,Measure Explain LLC
Carolyn,Jones,carolyn.jones37@company.com,(109) 203-4774,Watch Lot Ltd.
Anthony,Jordan,anthony.jordan17@company.com,(246) 428-4354,Field Enter Ltd.
Tracy,Jordan,tracy.jordan2279@gmail.com,(744) 618-7335,Pressure Month Group
Miranda,Lawrence,miranda.lawrence39@gmail.com,(916) 221-3483,Simply Pressure LLC
William,Solis,william.solis014@outlook.com,(865) 714-3666,Point Great Corp.
Jason,Grimes,jason.grimes2964@business.net,(563) 892-7132,Cut Turn LLC
Tony,Villarreal,tony.villarreal5211@gmail.com,(547) 239-6841,Allow Strategy Technologies
Richard,Johnson,richard.johnson629@outlook.com,(949) 253-3876,Response Recent LLC
Maria,Evans,maria.evans920@company.com,(631) 983-2457,Be Green LLC
Robert,Jones,robert.jones69@yahoo.com,(314) 539-2646,Thing Huge Ltd.
Oscar,Lopez,oscar.lopez12@outlook.com,(470) 455-4366,Exactly What Group
Joshua,Mccarthy,joshua.mccarthy215@yahoo.com,(470) 804-9332,System Think Ltd.
Timothy,Powell,timothy.powell12@outlook.com,(116) 129-3763,Own Real Ltd.
Sandra,Erickson,sandra.erickson46@gmail.com,(995) 918-6718,Tend Treatment Solutions
Robert,Howell,robert.howell421@gmail.com,(652) 775-1451,Only Force Inc.
Ricky,Downs,ricky.downs871@business.net,(225) 189-6979,Cut Value Inc.
Hector,Wilkerson,hector.wilkerson559@outlook.com,(405) 390-5130,Around Between LLC
April,Scott,april.scott14@business.net,(218) 230-8892,Gas Popular Solutions
Michelle,Valencia,michelle.valencia475@gmail.com,(816) 184-9282,Dinner Summer Corp.
Jamie,Rogers,jamie.rogers19@yahoo.com,(707) 346-3460,Land Front Technologies
Sherri,Smith,sherri.smith51@yahoo.com,(106) 359-4914,Major Bank Corp.
Seth,Gillespie,seth.gillespie839@company.com,(534) 621-7022,Each Democrat Corp.
Susan,Holt,susan.holt66@business.net,(215) 275-7622,Leave Catch Ltd.
Cathy,Serrano,cathy.serrano09@yahoo.com,(140) 556-3986,Read Successful Ltd.
Jason,Hart,jason.hart75@gmail.com,(289) 237-2599,Media Final Inc.
Judy,Mooney,judy.mooney792@gmail.com,(877) 885-5889,Court After Inc.
Scott,Mccormick,scott.mccormick9154@business.net,(164) 921-9252,Recent Model Solutions
Sarah,Williamson,sarah.williamson8641@yahoo.com,(545) 319-7299,Analysis Political Group
Terri,Cooper,terri.cooper23@business.net,(373) 881-9087,Attack Force Inc.
Jacob,Johnson,jacob.johnson74@yahoo.com,(255) 665-5386,This Sort Ltd.
Jennifer,Howe,jennifer.howe3736@company.com,(503) 632-7535,Teach Several Ltd.
Alec,Davis,alec.davis615@yahoo.com,(595) 791-3199,Read Buy LLC
Mary,Diaz,mary.diaz5199@gmail.com,(610) 618-1445,Bill Wide Corp.
Samantha,Ellis,samantha.ellis543@business.net,(927) 250-2317,Research Grow Technologies
Amber,Shaffer,amber.shaffer7321@business.net,(856) 838-6808,Catch Heavy Solutions
Michael,Zhang,michael.zhang62@outlook.com,(299) 395-5249,Air Health Solutions
Travis,Greene,travis.greene242@yahoo.com,(905) 281-3600,Know Thing Technologies
Julie,Meadows,julie.meadows05@gmail.com,(390) 773-2740,Able Assume Ltd.
Jessica,Rodriguez,jessica.rodriguez84@company.com,(711) 534-6153,Sometimes Might Group
Michelle,West,michelle.west61@company.com,(419) 812-6974,Example Few Corp.
Samantha,Williams,samantha.williams2926@outlook.com,(256) 156-5437,Call Movement Solutions
Bradley,Rose,bradley.rose36@gmail.com,(526) 330-4544,Get Effect Group
Kevin,Gilbert,kevin.gilbert42@gmail.com,(667) 712-7268,Above Court Ltd.
Cynthia,Nelson,cynthia.nelson23@business.net,(133) 147-9320,Difficult Officer LLC
Wanda,Villarreal,wanda.villarreal4398@yahoo.com,(152) 666-3050,Wear Like Solutions
Rodney,Haney,rodney.haney17@company.com,(453) 946-9222,Also Car Corp.
Amber,Decker,amber.decker64@yahoo.com,(743) 123-5917,Throw Same Ltd.
Paul,Wright,paul.wright554@business.net,(811) 965-2880,Still Vote LLC
Stephen,Mckinney,stephen.mckinney0821@yahoo.com,(359) 771-4823,Model Clear Ltd.
Jennifer,Thomas,jennifer.thomas29@yahoo.com,(311) 987-8261,Floor Describe Group
Tyler,Bush,tyler.bush946@business.net,(726) 917-9230,Sit Look Inc.
John,Nguyen,john.nguyen5746@gmail.com,(887) 644-2963,When As LLC
Dale,Weber,dale.weber3968@company.com,(202) 184-6096,Serve Read Technologies
Jessica,Tran,jessica.tran6982@business.net,(179) 344-9797,Simply Business Ltd.
Benjamin,Smith,benjamin.smith59@gmail.com,(815) 967-9994,Attorney Point LLC
