first_name,last_name,email,phone_number,company
Taylor,Johnson,taylor.johnson223@win.com,(353) 320-2901,Win Beyond Inc.
Bridget,Martinez,bridget.martinez445@outlook.com,(641) 811-2889,Care May Inc.
Michael,Jackson,michael.jackson45@movie.com,(439) 191-9900,Movie Single Group
Cheryl,Archer,cheryl.archer7224@outlook.com,(898) 596-2471,Present Health Technologies
Kimberly,Robinson,kimberly.robinson07@gmail.com,(156) 643-3993,Already Power LLC
Omar,Duran,omar.duran912@we.com,(289) 572-4427,We Drop Solutions
Darlene,Thompson,darlene.thompson9192@gmail.com,(225) 303-8989,Hot Clearly Inc.
Jordan,Parker,jordan.parker986@civil.com,(893) 294-7233,Civil Type Group
Tony,Miller,tony.miller484@yahoo.com,(843) 460-2674,Performance Bring Corp.
Emily,Hill,emily.hill1978@mention.com,(684) 362-5426,Mention Real LLC
Holly,Velazquez,holly.velazquez56@upon.com,(801) 655-5401,Upon Despite Group
William,Mitchell,william.mitchell899@yahoo.com,(710) 597-5879,Onto Event Solutions
Adrienne,Nguyen,adrienne.nguyen10@more.com,(949) 933-7106,More These Inc.
Mark,Kirby,mark.kirby54@six.com,(323) 489-8985,Six Argue Technologies
Nicole,Guzman,nicole.guzman600@then.com,(621) 451-6273,Then Camera Group
Richard,Green,richard.green970@hotmail.com,(463) 625-5747,Test Full Technologies
Corey,Jackson,corey.jackson2908@hard.com,(678) 792-5256,Hard Order Technologies
Catherine,Clarke,catherine.clarke055@gmail.com,(424) 125-4516,Church Material Solutions
Lori,Burns,lori.burns446@hotmail.com,(303) 205-3253,Cup But Inc.
Tamara,Martin,tamara.martin944@line.com,(785) 570-1883,Line Conference Group
Destiny,Ware,destiny.ware470@business.net,(361) 530-8485,Adult Suggest LLC
Gabriel,Clark,gabriel.clark7102@itself.com,(806) 434-8944,Itself Tree Corp.
Andrea,Brewer,andrea.brewer125@yahoo.com,(286) 911-1881,Probably Dream LLC
Breanna,Aguirre,breanna.aguirre609@outlook.com,(869) 503-6817,Perform Them Corp.
Ronald,Paul,ronald.paul75@yahoo.com,(208) 149-6635,Arm Expert Inc.
Jennifer,Rodriguez,jennifer.rodriguez154@gmail.com,(524) 197-6780,House Hit Corp.
Cassandra,Miller,cassandra.miller83@line.com,(337) 219-5955,Line Pull Ltd.
Christina,Brown,christina.brown977@outlook.com,(480) 348-7749,Again Allow LLC
Thomas,Bailey,thomas.bailey672@hold.com,(732) 560-7874,Hold Organization Solutions
Danny,Avila,danny.avila8661@doctor.com,(643) 536-8822,Doctor Message LLC
Lauren,Villa,lauren.villa80@yahoo.com,(905) 736-2681,Then Camera Group
Susan,Little,susan.little387@hotmail.com,(436) 467-5113,Here Safe Inc.
Mary,Strong,mary.strong5604@yahoo.com,(150) 654-3316,See Door Inc.
Yvonne,Brown,yvonne.brown86@work.com,(570) 170-5094,Work Agreement Inc.
Daniel,Moore,daniel.moore580@ago.com,(141) 928-2930,Ago Best Corp.
Kyle,Ortiz,kyle.ortiz7283@gmail.com,(454) 201-3358,Environment Director Technologies
Brittany,Brock,brittany.brock9855@probably.com,(172) 933-7761,Probably Dream LLC
Justin,Clark,justin.clark4761@yahoo.com,(310) 661-3809,Eight Cause Group
Christina,Reynolds,christina.reynolds1738@economy.com,(473) 530-7485,Economy Picture Technologies
Stephen,Ruiz,stephen.ruiz1928@environment.com,(171) 642-4553,Environment Director Technologies
Julia,Woods,julia.woods1605@road.com,(419) 279-4683,Road Drive Solutions
Holly,Garrett,holly.garrett203@bank.com,(889) 366-7107,Bank Affect Ltd.
Kayla,Smith,kayla.smith019@outlook.com,(423) 516-6132,Action Occur LLC
Laura,Wilson,laura.wilson533@street.com,(994) 682-3856,Street Explain Inc.
Roger,Solis,roger.solis174@hotmail.com,(261) 355-9066,Law Reduce Inc.
Edward,Edwards,edward.edwards4514@gmail.com,(297) 174-2613,Maintain That Ltd.
Martha,Maxwell,martha.maxwell1494@yahoo.com,(170) 890-9989,Toward Behind Technologies
Chelsea,Alexander,chelsea.alexander39@gmail.com,(670) 778-6956,Oil Especially Corp.
Randy,Stewart,randy.stewart084@study.com,(250) 529-5058,Study Must Inc.
Rebecca,Clark,rebecca.clark706@hotmail.com,(343) 400-1691,Shake Include Corp.
Kevin,Pierce,kevin.pierce71@outlook.com,(771) 777-7204,Meeting Account Group
Steven,Pruitt,steven.pruitt6974@throw.com,(944) 674-2658,Throw Real Technologies
Olivia,Winters,olivia.winters20@outlook.com,(884) 877-2076,White Imagine Group
Andrew,Harris,andrew.harris9993@hotmail.com,(295) 719-5173,Past Stop Corp.
Wendy,Griffin,wendy.griffin0446@yahoo.com,(597) 230-7842,They Return Solutions
Sally,Gray,sally.gray93@hotmail.com,(517) 558-8497,Method Agent Solutions
Jerry,Williams,jerry.williams0571@yahoo.com,(335) 191-9841,Church Material Solutions
Daniel,Miller,daniel.miller69@yahoo.com,(835) 187-5816,Care May Inc.
Michelle,Richardson,michelle.richardson5585@help.com,(988) 642-9770,Help Growth LLC
Marcus,Berry,marcus.berry32@outlook.com,(987) 888-3629,Body Standard Inc.
Aaron,Leach,aaron.leach713@business.net,(738) 694-4151,Member Positive Technologies
Craig,Powell,craig.powell183@yahoo.com,(793) 823-8308,Hold Organization Solutions
Jennifer,Robinson,jennifer.robinson47@hotmail.com,(156) 527-9580,Six Argue Technologies
Anthony,Carter,anthony.carter44@live.com,(585) 715-1593,Live Fight Solutions
Marissa,Martinez,marissa.martinez808@hotmail.com,(376) 412-2209,Level First LLC
John,Hart,john.hart799@person.com,(800) 591-7657,Person And Solutions
Bill,Short,bill.short7333@yahoo.com,(888) 984-9403,Economy Turn Ltd.
Jennifer,Washington,jennifer.washington02@gmail.com,(165) 941-3578,Have Itself Ltd.
John,Thomas,john.thomas523@yahoo.com,(367) 175-5507,Bit West Group
Christina,Butler,christina.butler4683@trip.com,(581) 555-1714,Trip Western LLC
Lydia,Scott,lydia.scott224@test.com,(416) 675-4300,Test Full Technologies
Gabrielle,Thomas,gabrielle.thomas3531@account.com,(372) 990-8554,Account Key Technologies
Brandon,Hunt,brandon.hunt136@place.com,(226) 617-8958,Place Event Corp.
Marissa,Bass,marissa.bass5779@yahoo.com,(233) 835-3420,Professional Various Corp.
Jessica,Vincent,jessica.vincent83@see.com,(776) 405-2332,See Bed Corp.
Ronald,Young,ronald.young5743@hotmail.com,(269) 480-7978,Top Wall Inc.
Melissa,Morris,melissa.morris34@gmail.com,(967) 209-8558,Economy Turn Ltd.
Stephanie,Singh,stephanie.singh31@model.com,(567) 584-5253,Model Should LLC
Robert,Williams,robert.williams2730@business.net,(786) 972-6072,Again Best Corp.
Shirley,Baxter,shirley.baxter31@floor.com,(952) 602-3646,Floor Under Corp.
Samantha,Davidson,samantha.davidson45@yahoo.com,(592) 319-5636,Indicate Use Group
Charles,Navarro,charles.navarro514@start.com,(861) 419-2266,Start Soon Ltd.
Elizabeth,Flores,elizabeth.flores6168@gmail.com,(803) 613-7050,Ago Best Corp.
Nicole,Moody,nicole.moody920@business.net,(659) 359-6328,Join Mrs LLC
Sherry,Solomon,sherry.solomon633@yahoo.com,(702) 288-9087,You Hot Ltd.
Eric,Terrell,eric.terrell942@yahoo.com,(205) 742-5701,Do If Group
Amy,Santiago,amy.santiago923@business.net,(517) 688-7662,Live Fight Solutions
Daniel,Hebert,daniel.hebert95@outlook.com,(879) 350-1170,Firm Customer Technologies
Nicole,Schwartz,nicole.schwartz242@yahoo.com,(505) 817-1084,Mouth Mean Solutions
Robert,Fuller,robert.fuller7703@amount.com,(384) 782-5359,Amount Instead Ltd.
Edward,Nichols,edward.nichols8962@outlook.com,(792) 199-8309,Adult Suggest LLC
John,Phillips,john.phillips25@hotmail.com,(519) 270-9183,My Yard Group
Jason,Kennedy,jason.kennedy5558@have.com,(926) 146-2239,Have Itself Ltd.
Michelle,Peterson,michelle.peterson0986@outlook.com,(878) 212-5093,Cup But Inc.
Shawn,King,shawn.king64@yahoo.com,(402) 924-5959,Small By Inc.
Beth,James,beth.james636@outlook.com,(166) 486-2470,Word Event Group
John,Thompson,john.thompson89@coach.com,(253) 717-6407,Coach Address Group
Patrick,Watkins,patrick.watkins26@start.com,(293) 164-5224,Start Soon Ltd.
Andrea,Davis,andrea.davis153@strong.com,(703) 994-5378,Strong Its Technologies
Yolanda,Leon,yolanda.leon203@outlook.com,(773) 827-8363,Strong Its Technologies
Claudia,Hughes,claudia.hughes4649@box.com,(650) 682-2023,Box Religious Corp.
Veronica,Castro,veronica.castro946@animal.com,(741) 723-4194,Animal Person Corp.
Nicolas,Blackburn,nicolas.blackburn156@business.net,(696) 812-2179,His Last Inc.
Mary,Smith,mary.smith89@hotmail.com,(401) 216-7435,Win Beyond Inc.
Nathan,Collins,nathan.collins87@consumer.com,(177) 861-9312,Consumer President Ltd.
Jordan,Sparks,jordan.sparks11@democratic.com,(865) 181-3016,Democratic Evidence LLC
Malik,Wilson,malik.wilson336@but.com,(824) 631-8133,But Above Inc.
Anita,Brown,anita.brown34@hotmail.com,(595) 525-5152,Quickly Image LLC
Raymond,Weber,raymond.weber4576@business.net,(614) 682-2901,Again Best Corp.
Jennifer,Bell,jennifer.bell30@outlook.com,(765) 484-7453,Throughout Reduce Corp.
James,Jenkins,james.jenkins07@business.net,(483) 374-7095,Player Character Inc.
Laura,James,laura.james108@myself.com,(224) 900-4501,Myself Small Corp.
Toni,Clark,toni.clark5461@rise.com,(894) 193-7519,Rise Plan Group
Eric,Reid,eric.reid520@hotmail.com,(750) 402-6598,Require One Technologies
Michelle,Nguyen,michelle.nguyen8557@outlook.com,(354) 969-8814,Place Event Corp.
Adam,Herrera,adam.herrera336@gmail.com,(812) 190-9462,Million Large Inc.
Caitlin,Murphy,caitlin.murphy2780@shake.com,(957) 295-4509,Shake Include Corp.
William,Fuller,william.fuller6410@hotmail.com,(305) 193-8446,Case Half Solutions
Jeffery,Burton,jeffery.burton681@hotmail.com,(496) 881-1606,Dark Form Ltd.
Paul,Marshall,paul.marshall60@hotmail.com,(920) 173-1630,Party Phone Inc.
William,Bolton,william.bolton038@dinner.com,(172) 277-1451,Dinner Move Solutions
Dylan,Green,dylan.green83@yahoo.com,(167) 333-3840,Commercial Site Solutions
Cheryl,Lopez,cheryl.lopez17@opportunity.com,(133) 409-4963,Opportunity City Corp.
Brian,Schmitt,brian.schmitt666@hold.com,(804) 859-3977,Hold Organization Solutions
Melissa,Webster,melissa.webster2640@yahoo.com,(321) 187-7583,His Last Inc.
Kimberly,Butler,kimberly.butler5526@hotmail.com,(795) 779-8794,Toward Director Inc.
Chad,Weber,chad.weber02@hotmail.com,(231) 769-7401,Win Beyond Inc.
Richard,Villarreal,richard.villarreal58@party.com,(842) 591-4446,Party Phone Inc.
Sarah,Lyons,sarah.lyons40@hotmail.com,(403) 224-5347,Reveal Recently Corp.
William,Harvey,william.harvey461@gmail.com,(562) 489-3647,Step Nearly Technologies
Matthew,Mcdonald,matthew.mcdonald002@material.com,(594) 570-7016,Material Mrs Ltd.
Daniel,Lee,daniel.lee674@outlook.com,(774) 209-9165,Defense Next Inc.
Christina,Lutz,christina.lutz023@business.net,(951) 723-9388,Know At Inc.
Mark,Baker,mark.baker75@hotmail.com,(818) 159-7586,School Building Ltd.
Karen,Perry,karen.perry63@gmail.com,(497) 478-8356,Determine Exist Technologies
Valerie,Booker,valerie.booker86@gmail.com,(143) 126-5964,State Area LLC
Spencer,Oconnell,spencer.oconnell8997@hotmail.com,(420) 544-6891,Reason Offer Solutions
Alyssa,Cohen,alyssa.cohen104@business.net,(291) 538-9810,Cup Yet Inc.
Erin,Lee,erin.lee5628@yahoo.com,(480) 224-9047,Experience Grow Group
Mark,Hart,mark.hart18@start.com,(981) 760-3340,Start Continue Corp.
Sally,Moore,sally.moore1813@health.com,(959) 375-5817,Health Site Technologies
Gregory,Harris,gregory.harris2793@yahoo.com,(882) 365-9721,Receive Economic LLC
Kenneth,Hanson,kenneth.hanson8544@win.com,(886) 655-4371,Win Beyond Inc.
Cheryl,Ross,cheryl.ross1706@hot.com,(482) 420-9110,Hot Clearly Inc.
Laura,Campbell,laura.campbell978@business.net,(230) 735-4094,Site Campaign Solutions
Bryan,Williams,bryan.williams6426@yahoo.com,(786) 554-6550,Time Into Technologies
Kristin,Harris,kristin.harris8001@green.com,(771) 557-3645,Green Consumer Group
Brian,Ashley,brian.ashley1510@meeting.com,(901) 468-6341,Meeting Account Group
Stephen,Coleman,stephen.coleman3933@yahoo.com,(486) 303-8773,Kind Memory Solutions
Heather,Molina,heather.molina9805@hotmail.com,(629) 192-3520,Board Plant Corp.
Jessica,Crosby,jessica.crosby76@mind.com,(445) 167-8433,Mind Key Ltd.
Courtney,Jones,courtney.jones16@yahoo.com,(717) 165-1712,Government Along LLC
Robert,Gonzalez,robert.gonzalez2098@gmail.com,(765) 133-8120,Happen Trip Solutions
Carly,Santos,carly.santos072@business.net,(601) 784-6785,Perform Them Corp.
Cindy,Raymond,cindy.raymond277@gmail.com,(469) 275-9005,Rise Read Ltd.
Abigail,Young,abigail.young36@approach.com,(836) 114-7107,Approach Feeling Ltd.
Susan,Thomas,susan.thomas520@outlook.com,(401) 880-8518,Office Officer Solutions
Darryl,Garner,darryl.garner59@hotmail.com,(527) 335-8883,Drop Involve Corp.
Thomas,Lawrence,thomas.lawrence500@yahoo.com,(652) 139-4820,Onto Event Solutions
Daniel,Watts,daniel.watts661@indicate.com,(379) 413-5087,Indicate Use Group
Kimberly,Stone,kimberly.stone10@business.net,(891) 307-1896,Sister Market Corp.
Christine,Hardy,christine.hardy026@yahoo.com,(302) 271-7192,Former Drive Solutions
Jeremy,Bennett,jeremy.bennett78@kitchen.com,(120) 986-5150,Kitchen Detail Technologies
William,Ruiz,william.ruiz78@question.com,(909) 629-1787,Question World LLC
Christopher,Vega,christopher.vega58@gmail.com,(834) 538-2718,Who Laugh Technologies
Juan,Stevens,juan.stevens53@gmail.com,(863) 247-8884,Program Third Ltd.
Jacob,Hubbard,jacob.hubbard545@gmail.com,(922) 489-1329,Specific Size Technologies
James,Sanchez,james.sanchez8787@outlook.com,(926) 627-5218,Send Building Inc.
Heather,Castaneda,heather.castaneda5211@measure.com,(568) 133-1976,Measure Suggest Solutions
Alan,Hernandez,alan.hernandez74@treat.com,(387) 263-6787,Treat Space Technologies
Natalie,Alvarez,natalie.alvarez0720@service.com,(953) 337-9593,Service Church Group
Sean,Burnett,sean.burnett95@mouth.com,(301) 509-1538,Mouth Know Ltd.
Erin,Parks,erin.parks9280@outlook.com,(629) 351-3051,Receive Economic LLC
Lindsay,Garner,lindsay.garner03@light.com,(148) 400-3875,Light Seven Solutions
Michele,Ward,michele.ward339@hotmail.com,(228) 210-5792,Positive Small Corp.
Kevin,Castro,kevin.castro940@hotmail.com,(258) 729-4074,Pick Become Corp.
Larry,Huynh,larry.huynh65@yahoo.com,(239) 413-7226,Authority Least Solutions
Michael,Jacobs,michael.jacobs24@gmail.com,(586) 671-9572,Method Agent Solutions
Megan,Obrien,megan.obrien9905@arm.com,(139) 178-8754,Arm Expert Inc.
Louis,Reed,louis.reed17@yahoo.com,(539) 193-1937,Then Camera Group
Cheryl,Hernandez,cheryl.hernandez553@yahoo.com,(765) 682-5322,Then Camera Group
Michael,Lynch,michael.lynch433@gmail.com,(317) 363-5146,Material Mrs Ltd.
Nancy,Martinez,nancy.martinez661@outlook.com,(908) 551-1692,Leader Television Group
Matthew,Cohen,matthew.cohen9319@outlook.com,(514) 580-7359,Government Page Technologies
Heather,Spencer,heather.spencer46@him.com,(977) 290-4329,Him History LLC
Erin,Avery,erin.avery29@skin.com,(366) 460-5745,Skin Apply Technologies
Harold,Hall,harold.hall86@yahoo.com,(901) 262-1125,Learn Require Ltd.
Andrea,Brown,andrea.brown731@hot.com,(794) 977-1844,Hot Clearly Inc.
Steven,Pena,steven.pena67@gmail.com,(301) 530-3748,There Your Group
Jessica,Parsons,jessica.parsons798@yahoo.com,(910) 355-1253,Pick Peace Ltd.
Michelle,Tucker,michelle.tucker6995@hotmail.com,(554) 802-1494,Question World LLC
Laurie,Guerra,laurie.guerra434@employee.com,(625) 151-2948,Employee Partner Group
Amanda,Pearson,amanda.pearson06@because.com,(707) 416-4297,Because Draw Ltd.
Matthew,Rhodes,matthew.rhodes2091@business.net,(486) 178-8140,Authority Education LLC
Paul,Boyer,paul.boyer8602@business.net,(541) 951-8441,Economy Picture Technologies
Mark,Werner,mark.werner4944@outlook.com,(869) 522-8081,So However Inc.
Gregory,Garcia,gregory.garcia9344@yahoo.com,(926) 693-1363,Authority Education LLC
Monica,Potts,monica.potts65@yahoo.com,(897) 537-1075,Arm Expert Inc.
Carrie,Taylor,carrie.taylor56@message.com,(119) 292-5682,Message Smile Technologies
Tracy,Roberts,tracy.roberts27@dinner.com,(749) 564-7727,Dinner Move Solutions
