first_name,last_name,email,phone_number,company
Stacey,Hernandez,stacey.hernandez3222@outlook.com,(974) 360-7117,Field Floor Technologies
Carol,Banks,carol.banks68@business.net,(460) 467-7361,Certainly Offer Solutions
Elizabeth,Ortiz,elizabeth.ortiz40@yahoo.com,(275) 240-7648,Situation Police Group
Tiffany,Allen,tiffany.allen66@outlook.com,(260) 934-5678,Grow Just Ltd.
Courtney,Lee,courtney.lee2189@outlook.com,(506) 704-1549,Over Stay LLC
Nicole,Ward,nicole.ward415@company.com,(755) 715-4995,Visit Executive Inc.
Janet,Everett,janet.everett6241@gmail.com,(654) 891-1212,Main Sing Corp.
Christopher,Wilson,christopher.wilson32@gmail.com,(352) 897-3704,Fund Response Corp.
Sara,Robinson,sara.robinson29@business.net,(261) 963-3808,Democratic Stock Technologies
Cody,Colon,cody.colon0858@gmail.com,(154) 759-5302,Spring Second Ltd.
John,Martin,john.martin7480@yahoo.com,(745) 163-8452,Decade Crime Solutions
Jacob,Woodard,jacob.woodard9882@yahoo.com,(531) 406-2752,Half There Inc.
Karen,Howard,karen.howard058@outlook.com,(116) 868-7028,But Walk LLC
Brittany,Humphrey,brittany.humphrey889@business.net,(372) 409-6714,Meet Wish Corp.
Rachel,Buck,rachel.buck4378@business.net,(875) 192-8850,Young Picture Inc.
Karen,Carter,karen.carter6911@outlook.com,(239) 635-4366,Theory Three Group
Jimmy,Shepard,jimmy.shepard060@yahoo.com,(372) 717-2363,Nation Suddenly Technologies
Hannah,Nelson,hannah.nelson0021@outlook.com,(720) 978-5438,Church Film Solutions
Joshua,Brown,joshua.brown37@yahoo.com,(872) 807-6200,Show Toward Solutions
James,Perez,james.perez848@company.com,(147) 300-3047,Another Prepare Group
Craig,Thomas,craig.thomas188@outlook.com,(193) 970-3455,Wide Increase Inc.
Deborah,Johnson,deborah.johnson98@business.net,(128) 610-9720,Now Article Group
Ronald,Bennett,ronald.bennett558@company.com,(815) 638-4543,Not Outside Inc.
Sean,Bell,sean.bell0203@yahoo.com,(175) 885-1592,Shoulder Right Ltd.
Hannah,Anderson,hannah.anderson33@business.net,(944) 416-7427,Catch Hot Solutions
Vanessa,Smith,vanessa.smith2850@business.net,(129) 840-1565,Speak Though Solutions
Seth,Ball,seth.ball71@company.com,(799) 864-8312,Beyond Foreign LLC
Alexandra,Barnett,alexandra.barnett41@yahoo.com,(706) 365-4892,Father Director Corp.
Brian,Orozco,brian.orozco0468@business.net,(391) 908-8736,Myself Top Ltd.
Tammy,Gregory,tammy.gregory11@business.net,(596) 225-8482,Although Decision Ltd.
Kristin,Leon,kristin.leon46@company.com,(452) 249-1527,Provide Response Corp.
Jennifer,Lambert,jennifer.lambert1774@outlook.com,(899) 592-6615,Contain Night Ltd.
Charles,Obrien,charles.obrien4227@company.com,(504) 554-5661,Special Effect Corp.
Robert,Evans,robert.evans9845@business.net,(869) 362-9282,As Agent Solutions
Dustin,Schultz,dustin.schultz599@outlook.com,(474) 914-7857,Story Bed Inc.
Jerome,Wolfe,jerome.wolfe58@gmail.com,(848) 874-5831,Rather Several Technologies
Michele,Ray,michele.ray5579@company.com,(755) 506-1646,Common Ground Solutions
Melanie,Martinez,melanie.martinez7503@outlook.com,(185) 140-5391,Near Ability Solutions
Steven,Diaz,steven.diaz66@yahoo.com,(449) 591-1040,Party Consumer Solutions
Nicholas,Casey,nicholas.casey67@yahoo.com,(277) 783-2143,Stuff Clear Group
James,Alvarez,james.alvarez451@business.net,(100) 157-6680,Add Just Inc.
Morgan,Thompson,morgan.thompson242@business.net,(436) 866-9540,Along Like Group
Kathryn,Kelly,kathryn.kelly9447@company.com,(404) 204-8335,Energy Begin Solutions
Randall,Glass,randall.glass72@gmail.com,(718) 229-1336,Fear Few Inc.
Anthony,Jenkins,anthony.jenkins8793@outlook.com,(532) 407-5428,Food Serious Ltd.
Jennifer,Bryant,jennifer.bryant4045@company.com,(918) 154-3977,Five Value Inc.
Jasmine,White,jasmine.white1832@business.net,(126) 654-9085,Sure Him Technologies
Bradley,Higgins,bradley.higgins663@gmail.com,(905) 156-9626,Matter Often Solutions
Jeffrey,Bolton,jeffrey.bolton0082@company.com,(735) 750-7884,Several And Inc.
Jasmine,Cohen,jasmine.cohen344@gmail.com,(253) 161-6729,Region Direction Inc.
Angela,Elliott,angela.elliott837@yahoo.com,(788) 587-5848,Choice Where LLC
Kristi,Black,kristi.black576@gmail.com,(223) 586-1034,Must Might LLC
Calvin,Pruitt,calvin.pruitt81@gmail.com,(138) 416-2352,Long Fill Inc.
Kari,Smith,kari.smith8381@business.net,(901) 754-3359,Heavy Picture Ltd.
Jessica,Kim,jessica.kim00@gmail.com,(567) 609-9656,Tax Color Group
Christopher,Downs,christopher.downs5523@gmail.com,(851) 509-5505,Buy Personal Solutions
Dennis,Garcia,dennis.garcia9540@gmail.com,(684) 120-2564,Someone Or Solutions
Sue,Sharp,sue.sharp00@business.net,(373) 404-8937,Side Fight Corp.
Diane,Andrews,diane.andrews501@outlook.com,(934) 625-8531,Expect Explain Corp.
Nathaniel,Kelly,nathaniel.kelly69@yahoo.com,(367) 757-2392,Suggest Commercial Technologies
Aaron,Davidson,aaron.davidson9289@gmail.com,(521) 708-7251,Real Figure Ltd.
Joseph,West,joseph.west8923@business.net,(534) 406-5228,Either Responsibility LLC
Becky,Manning,becky.manning67@company.com,(524) 730-2252,Upon Mrs LLC
Anthony,Hutchinson,anthony.hutchinson784@business.net,(516) 519-3115,Movie Either Group
Lisa,Collier,lisa.collier8599@yahoo.com,(334) 830-8643,Find Leave LLC
Maria,Smith,maria.smith183@yahoo.com,(777) 797-4872,Add Ago Technologies
Angela,Jordan,angela.jordan98@business.net,(833) 757-3912,Moment Local Solutions
Lisa,Jones,lisa.jones0042@business.net,(696) 568-1558,May Kid LLC
Dana,Gonzalez,dana.gonzalez5137@company.com,(868) 853-1089,Hold Grow Group
Clayton,Sullivan,clayton.sullivan38@company.com,(335) 820-3925,Especially Home Inc.
Christopher,Scott,christopher.scott9069@yahoo.com,(134) 739-2282,Would Hear Group
Rachel,Morgan,rachel.morgan6474@business.net,(351) 718-2480,Into See Group
Colleen,Sparks,colleen.sparks341@company.com,(367) 265-4579,Always Power Solutions
Amy,Montoya,amy.montoya252@business.net,(707) 550-6951,Call Wrong Corp.
Corey,Roach,corey.roach889@outlook.com,(212) 220-3998,Heavy Offer Ltd.
Hannah,White,hannah.white85@outlook.com,(449) 615-2623,Summer Decision Ltd.
Kenneth,Watts,kenneth.watts452@business.net,(399) 394-3760,Agency Pass Corp.
Nancy,Rodriguez,nancy.rodriguez931@gmail.com,(795) 276-8834,Visit East Corp.
Tina,Walters,tina.walters13@company.com,(167) 767-7067,Fish Team Group
Michael,Matthews,michael.matthews802@yahoo.com,(232) 559-1938,Close Seven LLC
Wesley,Thomas,wesley.thomas172@business.net,(952) 225-9400,Trial Worker Technologies
Richard,Mcgee,richard.mcgee45@company.com,(407) 790-8683,Get Director Solutions
Nicole,Richardson,nicole.richardson451@gmail.com,(502) 825-4431,Movie Compare Corp.
Brandon,Smith,brandon.smith65@outlook.com,(389) 807-6641,Partner Voice Ltd.
Jacob,Pruitt,jacob.pruitt76@yahoo.com,(333) 698-2028,Most Film Group
Christina,Meyer,christina.meyer066@outlook.com,(762) 173-5218,Notice Appear Solutions
Glenn,Adams,glenn.adams7606@outlook.com,(217) 955-6502,Interest Around Ltd.
Kristin,Craig,kristin.craig25@yahoo.com,(429) 909-9937,High Political Ltd.
Ann,Potter,ann.potter33@company.com,(989) 465-2707,Argue Control Inc.
Scott,Delgado,scott.delgado60@business.net,(905) 499-9458,Anything Begin Group
Monica,Ellis,monica.ellis2237@gmail.com,(712) 254-3358,Trip Yeah Ltd.
Taylor,Bean,taylor.bean71@company.com,(618) 423-3153,Want May Inc.
Justin,Fowler,justin.fowler1345@gmail.com,(983) 621-7226,Century Law LLC
Ashley,Garcia,ashley.garcia7968@yahoo.com,(364) 879-6663,Writer Until Solutions
Anthony,Smith,anthony.smith29@outlook.com,(961) 864-6713,Next Family Technologies
Ashley,Smith,ashley.smith751@business.net,(446) 685-5690,Stock Exist Solutions
Shannon,Gray,shannon.gray583@company.com,(669) 463-4301,Expect Generation Group
Jill,Hogan,jill.hogan73@outlook.com,(975) 273-2100,Somebody Others Group
Luis,Silva,luis.silva143@yahoo.com,(470) 462-2257,Visit Reason Group
Brandi,Wong,brandi.wong558@company.com,(746) 348-9536,Its Fire Solutions
Janet,Ortiz,janet.ortiz1475@yahoo.com,(452) 860-4089,Sell Their Group
John,Bailey,john.bailey61@business.net,(757) 602-8232,Product Budget Group
Christopher,Barker,christopher.barker7500@business.net,(857) 496-6833,Employee Sign Inc.
Krista,Burke,krista.burke23@outlook.com,(164) 338-4013,Spring Water Solutions
Melinda,King,melinda.king2092@business.net,(698) 633-4529,Ten Respond Inc.
Kevin,Smith,kevin.smith77@outlook.com,(933) 467-8832,Fall Letter Inc.
Roger,Rodriguez,roger.rodriguez810@outlook.com,(355) 945-4237,Including Animal Solutions
Alexander,Stewart,alexander.stewart883@outlook.com,(410) 164-7687,Worry Manage LLC
Adam,Chang,adam.chang770@outlook.com,(997) 635-9277,Price People Group
Mike,Sanchez,mike.sanchez13@yahoo.com,(756) 907-2240,Leader Behavior Corp.
Kathleen,Singleton,kathleen.singleton623@business.net,(252) 466-4812,Value Move Corp.
Sharon,Dixon,sharon.dixon89@gmail.com,(516) 505-2101,Way Friend Corp.
Stephanie,Snyder,stephanie.snyder6092@company.com,(792) 188-3600,Picture Turn Inc.
Jessica,Ashley,jessica.ashley96@gmail.com,(449) 979-8326,Learn Better Solutions
Shelby,Pearson,shelby.pearson3138@yahoo.com,(383) 673-8427,These Cover Technologies
Ann,Rasmussen,ann.rasmussen4672@gmail.com,(966) 969-3034,Most Week Solutions
Brent,Watson,brent.watson761@yahoo.com,(132) 198-2674,Inside Skin Inc.
Joseph,Tanner,joseph.tanner78@company.com,(832) 753-8834,Husband Even Technologies
Michelle,Terry,michelle.terry4031@gmail.com,(423) 227-3943,Positive Forward Group
Tara,Stewart,tara.stewart8165@outlook.com,(314) 765-6713,Ok Respond Corp.
Daniel,Weber,daniel.weber51@business.net,(269) 225-2129,Building They Solutions
Melanie,Guzman,melanie.guzman41@business.net,(893) 584-6942,Page Meeting Technologies
Donald,Johnson,donald.johnson12@gmail.com,(550) 702-7192,Cell Across Corp.
Todd,Mayo,todd.mayo93@outlook.com,(331) 166-3421,Shoulder Box Group
Christian,Guzman,christian.guzman42@business.net,(269) 555-9880,Fast Vote Group
Nicholas,Campbell,nicholas.campbell46@outlook.com,(107) 345-2248,Discuss Ready Ltd.
Jennifer,Miller,jennifer.miller975@yahoo.com,(312) 445-3483,Listen Job Solutions
John,Miller,john.miller6212@yahoo.com,(853) 363-5636,Executive Major Solutions
Adam,Garza,adam.garza28@business.net,(646) 412-1471,Current Game Corp.
Tammy,Jackson,tammy.jackson52@outlook.com,(422) 606-2796,When Father Inc.
Sara,Combs,sara.combs1591@company.com,(640) 253-9595,Each Wind Corp.
Steven,Russell,steven.russell723@gmail.com,(524) 200-4604,Scene A Solutions
Alex,Leonard,alex.leonard483@business.net,(300) 667-7155,Specific Indicate Solutions
Martin,Walsh,martin.walsh063@outlook.com,(259) 618-1519,Response Always LLC
Robert,Whitaker,robert.whitaker695@business.net,(117) 155-1328,Material Perform Inc.
Michael,Anderson,michael.anderson2106@outlook.com,(676) 363-2813,Region But Solutions
Carlos,Thomas,carlos.thomas10@yahoo.com,(415) 555-4844,Money Woman Solutions
Kathleen,Jones,kathleen.jones353@gmail.com,(673) 858-7641,Mention Entire Solutions
Denise,Lopez,denise.lopez5655@gmail.com,(213) 674-7869,Society Sport Solutions
William,Lin,william.lin66@gmail.com,(750) 949-9053,Trouble Bad Technologies
Daniel,Hodges,daniel.hodges49@yahoo.com,(902) 292-9350,Wall Population Solutions
Kathleen,Young,kathleen.young24@business.net,(580) 698-3975,Commercial Care Group
Linda,Bell,linda.bell9310@business.net,(847) 194-3564,Build Fill Technologies
Brittany,Randolph,brittany.randolph2300@gmail.com,(499) 803-6489,Mind Describe Solutions
Stephanie,Moore,stephanie.moore7887@yahoo.com,(141) 723-2484,One Attention Corp.
Adam,Dawson,adam.dawson636@company.com,(436) 478-2624,Break Government Group
Jeffrey,Fernandez,jeffrey.fernandez54@company.com,(244) 973-6189,Population Apply Technologies
Amy,Frye,amy.frye44@gmail.com,(333) 447-4151,Space Just Corp.
Raymond,Fox,raymond.fox890@company.com,(265) 285-5435,Peace Interesting Ltd.
Philip,Francis,philip.francis659@business.net,(426) 963-9374,Later Hot Group
Tasha,Dunn,tasha.dunn397@outlook.com,(366) 667-5865,Player Eye Group
Bobby,Brennan,bobby.brennan49@gmail.com,(696) 326-7401,Still Whole Inc.
Michele,Smith,michele.smith0873@outlook.com,(377) 434-9649,Offer Between Technologies
Chris,Lee,chris.lee854@gmail.com,(526) 579-5087,Boy Democratic Inc.
Vincent,Stokes,vincent.stokes180@outlook.com,(988) 539-1611,Economy Money LLC
Billy,Hopkins,billy.hopkins289@gmail.com,(892) 766-7104,Hot Pm Technologies
Stephanie,Curtis,stephanie.curtis973@company.com,(289) 291-7739,Decide Charge Group
Amy,Simmons,amy.simmons16@business.net,(506) 435-7849,Head Same LLC
Michael,Pierce,michael.pierce396@outlook.com,(622) 413-6896,Scene Business Technologies
Brittney,Johnson,brittney.johnson419@gmail.com,(105) 580-3090,Gas Become Ltd.
Steven,Mayo,steven.mayo19@yahoo.com,(208) 769-9268,Pick Room Group
Adam,Hill,adam.hill9607@outlook.com,(582) 803-7455,Minute Leader Corp.
Sharon,Dunlap,sharon.dunlap1713@business.net,(606) 920-9199,Walk Challenge Group
Nathan,Buck,nathan.buck425@company.com,(144) 214-4970,Answer Customer Inc.
Daniel,Sanchez,daniel.sanchez1485@business.net,(309) 548-7544,Glass Debate Technologies
Jessica,Martinez,jessica.martinez19@business.net,(203) 316-6267,Including Level Group
Timothy,Adams,timothy.adams0095@yahoo.com,(555) 568-5150,So Phone Inc.
Jessica,Crawford,jessica.crawford116@company.com,(951) 829-2937,Provide Want Solutions
Ashley,Pham,ashley.pham354@gmail.com,(938) 339-2357,So During Solutions
Dorothy,Braun,dorothy.braun6739@gmail.com,(277) 798-7599,Save Recently Ltd.
Charles,White,charles.white92@yahoo.com,(863) 244-1039,White Because Group
Rachel,Carey,rachel.carey200@gmail.com,(600) 779-8468,Wear Open Solutions
Ryan,Huerta,ryan.huerta2857@business.net,(205) 802-6452,Become Who Group
Shannon,Murphy,shannon.murphy8093@outlook.com,(948) 423-9635,However Fast Ltd.
Tiffany,Lee,tiffany.lee050@company.com,(188) 753-9493,Possible Home Group
Melissa,Fox,melissa.fox5926@business.net,(737) 779-6502,Easy He Group
Cynthia,Rojas,cynthia.rojas226@company.com,(334) 726-8225,With Response Ltd.
Maria,White,maria.white281@outlook.com,(764) 355-1333,Majority Bag LLC
Spencer,Smith,spencer.smith0492@company.com,(546) 891-9250,Necessary Debate Group
Allison,Hunt,allison.hunt7006@outlook.com,(571) 109-2192,Population Official Solutions
Cassandra,Martinez,cassandra.martinez3475@yahoo.com,(153) 756-5251,Like If Ltd.
Darryl,Martin,darryl.martin5101@gmail.com,(411) 178-7495,Four Student Solutions
Allison,Richards,allison.richards3576@business.net,(858) 552-2292,Realize Able Corp.
Phyllis,Austin,phyllis.austin34@outlook.com,(738) 298-1311,Fight Manage Technologies
Shannon,Mann,shannon.mann6576@yahoo.com,(410) 975-4476,West Question LLC
Michael,Blake,michael.blake475@gmail.com,(469) 322-4049,Plant Own Inc.
Kyle,Park,kyle.park386@outlook.com,(953) 466-1958,Knowledge Major Corp.
Shannon,Schwartz,shannon.schwartz471@gmail.com,(691) 441-8221,Decade This LLC
Paige,Thomas,paige.thomas12@yahoo.com,(512) 818-1886,Of Theory LLC
Sarah,Moore,sarah.moore36@outlook.com,(116) 471-7678,Believe Truth Solutions
Ashley,Davis,ashley.davis5992@business.net,(281) 163-1595,Focus Election Corp.
Bianca,Anderson,bianca.anderson1802@business.net,(110) 420-1300,Major Happy Technologies
Molly,Greer,molly.greer2210@outlook.com,(262) 157-6182,Financial Life Technologies
Ronnie,Hanson,ronnie.hanson989@company.com,(649) 328-6633,Toward Child Corp.
Heather,Reed,heather.reed953@yahoo.com,(873) 973-4011,Provide Again Solutions
Christopher,Parker,christopher.parker863@business.net,(958) 501-8275,Fund Study Corp.
Sheila,Dunn,sheila.dunn07@company.com,(166) 370-5614,Indicate Smile LLC
Kimberly,Bartlett,kimberly.bartlett998@gmail.com,(258) 808-9686,Floor School Corp.
Kenneth,Wilson,kenneth.wilson9451@gmail.com,(629) 194-4700,Significant Image Inc.
Daniel,Garcia,daniel.garcia60@business.net,(627) 321-3481,You Statement Corp.
Jacob,Fox,jacob.fox36@business.net,(490) 454-8109,Interesting Memory Corp.
Leslie,Miller,leslie.miller52@company.com,(799) 941-3737,Themselves Relate Solutions
Alex,Francis,alex.francis64@outlook.com,(341) 704-1338,Relationship Ago Group
Jasmine,Brown,jasmine.brown563@outlook.com,(160) 302-4363,Group American Corp.
Oscar,Medina,oscar.medina863@company.com,(465) 204-3642,List Truth Technologies
Karen,Lindsey,karen.lindsey9612@business.net,(490) 159-8250,Today Tough Ltd.
Cassandra,Myers,cassandra.myers055@yahoo.com,(983) 652-2071,Admit Everybody Technologies
Dylan,Gomez,dylan.gomez0979@yahoo.com,(661) 382-2093,Item Resource Solutions
James,Bridges,james.bridges18@company.com,(187) 910-1895,Financial Type Group
Autumn,Smith,autumn.smith06@company.com,(443) 171-1180,Page Still Corp.
Barbara,Blair,barbara.blair99@company.com,(906) 418-9935,Eight Forget Solutions
Casey,West,casey.west8679@outlook.com,(818) 594-1169,Side Remember Ltd.
Robert,Clark,robert.clark1899@gmail.com,(796) 748-8103,Pay Go Group
Catherine,Johnson,catherine.johnson2733@yahoo.com,(818) 428-2244,Fill Arrive Ltd.
Jennifer,Jones,jennifer.jones26@gmail.com,(332) 256-6031,From Air Corp.
Leah,Duncan,leah.duncan51@company.com,(782) 807-6795,Thought Media Inc.
Raymond,Mason,raymond.mason1722@outlook.com,(546) 564-4653,Site Fire LLC
Bradley,Benitez,bradley.benitez42@outlook.com,(573) 529-2778,Good Certainly Ltd.
Megan,Davis,megan.davis0830@business.net,(793) 833-7705,Arrive However Technologies
Theresa,Harrison,theresa.harrison33@outlook.com,(899) 671-6695,Weight Plant Ltd.
Deborah,Evans,deborah.evans431@outlook.com,(533) 494-6231,Discover Next Technologies
Kevin,Garcia,kevin.garcia03@outlook.com,(731) 109-2531,Between Member Solutions
Debra,Lee,debra.lee44@yahoo.com,(433) 117-1810,Professional Why Corp.
Melissa,Hernandez,melissa.hernandez270@business.net,(165) 403-2188,American First Technologies
Christopher,Higgins,christopher.higgins2644@gmail.com,(666) 622-5957,Occur Political Group
Joshua,Williams,joshua.williams30@yahoo.com,(565) 998-1132,Brother White Ltd.
Renee,Davis,renee.davis270@yahoo.com,(202) 517-2918,Customer Form Inc.
Tammy,Santana,tammy.santana637@business.net,(744) 178-4991,Director Stay Solutions
Robert,Moody,robert.moody5819@company.com,(424) 530-9329,Join Decide Ltd.
Emily,Martinez,emily.martinez0871@business.net,(714) 733-4039,Experience Contain Technologies
Brian,Morgan,brian.morgan029@company.com,(749) 813-3488,Suddenly Indicate Inc.
Anthony,Reynolds,anthony.reynolds5146@gmail.com,(610) 534-5487,Think Exactly LLC
James,Bell,james.bell174@company.com,(521) 289-4896,Guy Very Ltd.
Carrie,Hicks,carrie.hicks597@company.com,(670) 249-4808,Use Method LLC
Jeffrey,Maynard,jeffrey.maynard7720@company.com,(864) 442-9358,Window Military Group
Kenneth,Robinson,kenneth.robinson9149@outlook.com,(950) 677-5192,Together Enjoy Group
Zachary,Wilson,zachary.wilson73@gmail.com,(522) 798-7458,Ok Continue Ltd.
Jacob,Sanford,jacob.sanford060@yahoo.com,(792) 727-5606,In American Group
Andrew,Howell,andrew.howell679@gmail.com,(624) 173-8561,Body Really Ltd.
Donna,Williams,donna.williams45@company.com,(122) 491-7375,Huge Professional Inc.
Peter,Terrell,peter.terrell60@company.com,(678) 379-5904,Control Difference Corp.
Scott,Rodriguez,scott.rodriguez49@company.com,(375) 960-4736,Response Mouth Ltd.
Phillip,Mathis,phillip.mathis495@outlook.com,(942) 313-3121,Whatever Later Corp.
John,Johnson,john.johnson13@company.com,(497) 818-4878,Second Break Solutions
Natasha,Thomas,natasha.thomas2012@outlook.com,(967) 858-9892,Think Even Corp.
Katherine,Lawson,katherine.lawson92@yahoo.com,(522) 885-8251,Need Increase Group
Megan,King,megan.king20@gmail.com,(180) 732-3978,Necessary Few Inc.
Pamela,Williams,pamela.williams4209@yahoo.com,(470) 122-4573,Game Machine Solutions
April,Dawson,april.dawson8569@company.com,(922) 837-6950,Line Mr Technologies
Victoria,Baxter,victoria.baxter653@gmail.com,(844) 587-2357,Minute Investment Technologies
Samantha,Anderson,samantha.anderson986@company.com,(830) 454-9632,Teach Own Inc.
Lori,George,lori.george99@yahoo.com,(789) 614-6305,Suddenly Action Corp.
Julie,Jordan,julie.jordan889@yahoo.com,(343) 385-9581,Article Whom Technologies
Christopher,Thompson,christopher.thompson7367@business.net,(597) 552-5111,Treatment Church Ltd.
Brianna,Allison,brianna.allison23@business.net,(730) 532-5682,Ago Republican LLC
Courtney,Mcpherson,courtney.mcpherson724@gmail.com,(637) 813-6593,Across Food Ltd.
Danny,Smith,danny.smith393@outlook.com,(310) 955-3593,Defense Decade Solutions
Luis,Moore,luis.moore562@yahoo.com,(808) 411-2389,Age Baby Solutions
Autumn,Willis,autumn.willis089@business.net,(292) 656-8215,Central Politics Solutions
Dustin,Jimenez,dustin.jimenez07@business.net,(645) 432-9337,Evening Recently Group
Alexander,Bautista,alexander.bautista33@business.net,(869) 607-9219,Know Last Group
Tamara,Jackson,tamara.jackson275@yahoo.com,(960) 118-4396,While Cover Inc.
Brian,Sellers,brian.sellers1250@outlook.com,(601) 427-6638,Make Look Corp.
Timothy,Morris,timothy.morris2504@company.com,(405) 783-9451,Happy Arrive Corp.
Taylor,Hebert,taylor.hebert55@gmail.com,(649) 961-7709,Modern Power Group
Harold,Chavez,harold.chavez40@business.net,(403) 580-8846,Because Standard Solutions
John,Villanueva,john.villanueva280@business.net,(353) 635-1579,Available Amount Corp.
Cristian,Harper,cristian.harper981@outlook.com,(901) 458-2956,Listen Message Solutions
Rachel,Long,rachel.long691@gmail.com,(981) 618-4907,Play Somebody Inc.
Nicole,Rivera,nicole.rivera76@outlook.com,(847) 455-8167,Town Enter LLC
Michelle,Aguirre,michelle.aguirre7736@business.net,(276) 393-8583,Tough Will Inc.
Patricia,Dillon,patricia.dillon958@business.net,(523) 568-5859,Project Center Solutions
James,Hamilton,james.hamilton028@outlook.com,(685) 525-6046,Skill Give Solutions
Michael,Green,michael.green6895@outlook.com,(574) 492-3238,Plant Cut Group
Sarah,Parker,sarah.parker6793@yahoo.com,(539) 206-6245,Place Leader Ltd.
Sara,Skinner,sara.skinner355@gmail.com,(807) 832-2984,Form Middle Group
Jasmine,Pineda,jasmine.pineda0925@yahoo.com,(512) 754-2188,Avoid Action Ltd.
Shelby,Mills,shelby.mills6726@yahoo.com,(590) 288-3444,Woman Green Solutions
Ian,Schultz,ian.schultz570@company.com,(749) 441-6919,Your Raise LLC
Cheryl,Moore,cheryl.moore0953@business.net,(682) 388-4644,Stock Exist LLC
Kevin,Pierce,kevin.pierce8298@yahoo.com,(948) 469-7416,Stay Everybody LLC
William,Grant,william.grant8962@company.com,(853) 697-5401,Central Summer Solutions
Erik,Sanchez,erik.sanchez914@company.com,(351) 302-2794,Another Thousand Solutions
Jeanette,Clark,jeanette.clark62@business.net,(338) 279-7760,Adult Onto Corp.
Anthony,Wilson,anthony.wilson235@company.com,(924) 874-8493,Quite High Inc.
David,Morrison,david.morrison17@gmail.com,(167) 916-2590,They Over Solutions
Jessica,Hall,jessica.hall2175@company.com,(176) 989-8900,Treat Write Ltd.
Joshua,Hernandez,joshua.hernandez4675@gmail.com,(551) 832-4562,Land Investment LLC
Alexis,Reynolds,alexis.reynolds276@gmail.com,(437) 129-5018,Follow Wide Inc.
Jennifer,Blevins,jennifer.blevins094@yahoo.com,(764) 793-9003,Whom Policy Inc.
Kathleen,Swanson,kathleen.swanson64@company.com,(885) 844-2228,Four Environment Ltd.
Patrick,Jackson,patrick.jackson4516@gmail.com,(123) 747-5908,Offer Become Technologies
Nicholas,Vargas,nicholas.vargas4021@outlook.com,(962) 905-1820,Whose Nature Corp.
Joy,Nixon,joy.nixon0046@company.com,(338) 520-1898,Note Build Technologies
Daniel,Lewis,daniel.lewis06@yahoo.com,(502) 713-9334,Daughter Conference Group
Tina,Callahan,tina.callahan14@yahoo.com,(950) 177-6669,Me Call Corp.
Adam,Christian,adam.christian8472@gmail.com,(865) 822-5590,Stay Interest Technologies
Erik,Lambert,erik.lambert20@business.net,(446) 499-7401,Impact Bill LLC
Regina,Sanders,regina.sanders52@outlook.com,(886) 643-5391,Hard Play Corp.
George,Spencer,george.spencer463@outlook.com,(162) 240-2789,Reveal Recognize Inc.
Jeffrey,Hardy,jeffrey.hardy86@outlook.com,(795) 736-7540,Few Brother Corp.
Mark,Flores,mark.flores552@company.com,(298) 608-9567,Organization Likely LLC
Bryan,Lowe,bryan.lowe0840@business.net,(774) 275-6632,Series Hold Solutions
Jennifer,Mcfarland,jennifer.mcfarland1533@outlook.com,(779) 663-9235,Relate Executive Ltd.
Jennifer,Haney,jennifer.haney61@outlook.com,(567) 619-9693,Contain Kid Corp.
Timothy,Harris,timothy.harris89@business.net,(387) 621-5014,Speech Care Technologies
Kristen,Snyder,kristen.snyder208@gmail.com,(369) 655-7380,Message Tell Inc.
Julie,Rivera,julie.rivera0873@outlook.com,(404) 142-1703,Program Effort Corp.
Katherine,Brown,katherine.brown8668@business.net,(478) 960-4341,Consider Today Inc.
Kara,Ayers,kara.ayers466@yahoo.com,(597) 194-8595,Seven It Group
Beth,Martinez,beth.martinez189@yahoo.com,(272) 731-7348,Tough Those Corp.
Eric,Roberts,eric.roberts4790@yahoo.com,(893) 621-5446,Heart Line Corp.
Lynn,Hudson,lynn.hudson7446@business.net,(953) 802-9887,Concern Interesting Ltd.
Donald,Hull,donald.hull543@yahoo.com,(784) 581-1312,Moment Leg Group
Jessica,Smith,jessica.smith1041@business.net,(334) 257-2786,Program Next Solutions
Thomas,Mendoza,thomas.mendoza867@business.net,(596) 939-5380,Suggest Pretty LLC
James,Rodriguez,james.rodriguez8388@yahoo.com,(523) 336-5771,Become Option Technologies
Bailey,Wiggins,bailey.wiggins37@yahoo.com,(479) 760-2459,Statement Term Corp.
Stephanie,Johnson,stephanie.johnson8708@gmail.com,(975) 320-8047,Necessary Their Group
Roy,Torres,roy.torres764@gmail.com,(963) 233-9895,Key Author Ltd.
Marc,Miller,marc.miller1878@business.net,(156) 811-3610,Sing On Ltd.
Laurie,Rodriguez,laurie.rodriguez467@company.com,(109) 847-5668,Pick Machine LLC
Kathleen,James,kathleen.james7987@business.net,(770) 860-1159,Travel Edge Corp.
Dana,Cunningham,dana.cunningham7524@business.net,(628) 777-4127,Movement Light Group
Robert,Bennett,robert.bennett34@outlook.com,(360) 930-4534,Law Amount Technologies
Johnathan,Pearson,johnathan.pearson86@gmail.com,(244) 187-6936,Idea Church Ltd.
Rachel,Brooks,rachel.brooks69@company.com,(899) 448-7019,Sort Eat Solutions
Andrea,Scott,andrea.scott35@outlook.com,(641) 193-8314,Natural True Solutions
Amber,Palmer,amber.palmer523@business.net,(504) 109-9966,Skin Voice Group
James,Obrien,james.obrien808@business.net,(350) 371-8622,Front Year Corp.
Brenda,Novak,brenda.novak888@outlook.com,(214) 495-8048,Attack Write LLC
Nicole,Lowe,nicole.lowe432@gmail.com,(298) 666-3682,You After Ltd.
Rebecca,Smith,rebecca.smith95@business.net,(155) 700-1459,Hospital Source Solutions
Thomas,Hardin,thomas.hardin30@company.com,(162) 817-1461,Worry Particularly Corp.
Jonathan,Garcia,jonathan.garcia54@yahoo.com,(446) 661-1289,Section Staff Technologies
Collin,Johnson,collin.johnson780@outlook.com,(218) 256-5537,Material View Inc.
Justin,Castillo,justin.castillo07@yahoo.com,(800) 621-7824,Enjoy Almost Ltd.
Tyler,Hess,tyler.hess741@company.com,(701) 828-3167,Congress Western Corp.
Mary,Mills,mary.mills84@company.com,(837) 319-1677,Force Cause Inc.
Theresa,Padilla,theresa.padilla34@outlook.com,(219) 629-3143,Individual Business Solutions
Tracy,Serrano,tracy.serrano49@gmail.com,(989) 147-9705,Happy Identify LLC
Anthony,Ellis,anthony.ellis30@gmail.com,(855) 890-5242,Risk Explain Ltd.
Thomas,Barnes,thomas.barnes260@gmail.com,(620) 117-9262,Data Training Corp.
Lisa,Massey,lisa.massey423@company.com,(820) 530-2969,Father War Solutions
Jeffrey,Ibarra,jeffrey.ibarra2798@outlook.com,(725) 194-9385,Lot Bring Group
Theresa,Hamilton,theresa.hamilton60@yahoo.com,(159) 288-8450,Total Community Ltd.
Daniel,Lewis,daniel.lewis3385@gmail.com,(239) 665-8298,Quickly Police Technologies
Stephanie,Daniels,stephanie.daniels09@outlook.com,(673) 492-5597,Friend Add Solutions
Kathleen,Williams,kathleen.williams867@gmail.com,(820) 210-4912,Common Research Solutions
Katherine,Steele,katherine.steele43@yahoo.com,(899) 939-5589,Over Often Solutions
Robin,Lopez,robin.lopez08@outlook.com,(230) 454-3416,Short Debate Ltd.
Christine,Miller,christine.miller202@yahoo.com,(101) 387-9397,Chance Write Corp.
Michael,Wright,michael.wright802@yahoo.com,(930) 111-1691,Arm Laugh Ltd.
Tammy,Clark,tammy.clark39@gmail.com,(571) 271-9851,Notice Real Corp.
Michael,Johnson,michael.johnson22@gmail.com,(429) 780-6107,Option Since Inc.
Joseph,Clark,joseph.clark748@yahoo.com,(564) 452-5182,Development Song Solutions
Kaitlin,Campbell,kaitlin.campbell3040@company.com,(736) 678-8475,Heart Why Inc.
Randy,Flowers,randy.flowers263@gmail.com,(960) 392-2883,Act Out Group
Mckenzie,Acosta,mckenzie.acosta232@outlook.com,(370) 705-3053,Produce Think Corp.
Donna,Franklin,donna.franklin102@yahoo.com,(124) 158-3254,Measure Three Group
Patrick,Miller,patrick.miller0908@business.net,(344) 260-1643,Month Along Group
Joseph,Flores,joseph.flores08@business.net,(625) 811-3149,Bank There Ltd.
Denise,Meyer,denise.meyer097@business.net,(715) 267-8362,Second Push Ltd.
Ashley,Ruiz,ashley.ruiz7464@outlook.com,(497) 513-2678,Lawyer Method Solutions
Joshua,Lawrence,joshua.lawrence35@business.net,(442) 675-8630,Board Act Inc.
Richard,Norman,richard.norman21@yahoo.com,(335) 721-1074,Community Two LLC
Stephanie,Hernandez,stephanie.hernandez46@company.com,(728) 730-7533,Number Source LLC
Caleb,Ramos,caleb.ramos523@yahoo.com,(639) 439-9306,Beyond Floor Ltd.
Shannon,Christian,shannon.christian753@business.net,(500) 210-6433,Else Morning LLC
Sarah,Miller,sarah.miller069@gmail.com,(137) 857-1148,While Late Technologies
Amanda,Jenkins,amanda.jenkins37@business.net,(755) 569-3338,Agent Picture LLC
Mitchell,Freeman,mitchell.freeman89@business.net,(565) 966-8065,Represent Along Technologies
Paul,Waters,paul.waters004@gmail.com,(506) 881-1747,Hard We Group
Renee,Cross,renee.cross475@yahoo.com,(732) 610-4453,Television Market Solutions
Lauren,Schneider,lauren.schneider6908@company.com,(591) 203-6981,Bag Trouble Corp.
Brian,White,brian.white0477@company.com,(882) 918-9848,Father Seek Technologies
Emily,Rodriguez,emily.rodriguez339@business.net,(313) 850-3787,Player Involve Solutions
Richard,Robinson,richard.robinson8730@business.net,(357) 377-9232,Back For Technologies
Sara,Brown,sara.brown472@gmail.com,(204) 243-2502,But Wide Group
Lindsay,Doyle,lindsay.doyle4501@gmail.com,(358) 143-7105,Style Far Group
Adam,Archer,adam.archer8738@business.net,(298) 623-6224,Cup Money Corp.
Sean,Taylor,sean.taylor4778@gmail.com,(936) 733-2417,Alone Perform Corp.
Anna,Hall,anna.hall193@company.com,(319) 623-2192,Remain Better Corp.
Michelle,Walker,michelle.walker67@gmail.com,(242) 285-5652,Threat Smile Solutions
Kenneth,Graham,kenneth.graham47@yahoo.com,(328) 350-8944,Family Knowledge Group
Crystal,Robertson,crystal.robertson6118@business.net,(283) 685-1453,We Station Ltd.
Joshua,Hancock,joshua.hancock5956@yahoo.com,(663) 541-2722,Who Feel LLC
Gloria,Hall,gloria.hall97@company.com,(564) 142-5663,Class Position Inc.
William,Smith,william.smith060@gmail.com,(193) 455-1646,Sell Series Inc.
Tonya,Holland,tonya.holland61@gmail.com,(973) 317-5516,Account Garden Technologies
Robert,Williams,robert.williams232@outlook.com,(753) 401-7845,Go Information Inc.
James,Henderson,james.henderson68@company.com,(478) 131-3474,Mr Effect Solutions
Michael,Sandoval,michael.sandoval8573@gmail.com,(519) 330-9188,Network Law Inc.
David,Wilson,david.wilson394@business.net,(135) 703-3046,American Foreign Corp.
Devon,Scott,devon.scott68@gmail.com,(998) 266-8268,Modern Through Ltd.
Travis,Brown,travis.brown54@business.net,(753) 722-6332,Know Because LLC
Kimberly,Ramirez,kimberly.ramirez777@outlook.com,(694) 872-7631,Other Quickly Technologies
Michelle,Henry,michelle.henry6708@gmail.com,(769) 252-9255,Wonder Service Corp.
Martha,Beck,martha.beck374@outlook.com,(761) 891-2962,Defense Check Group
Ryan,Perez,ryan.perez75@company.com,(305) 442-7206,Church Follow Ltd.
Abigail,Patel,abigail.patel74@business.net,(748) 801-3682,Image Draw Solutions
Dennis,Heath,dennis.heath31@yahoo.com,(991) 604-2004,Deal Serious Solutions
Monica,Wilson,monica.wilson55@yahoo.com,(959) 861-9478,Student One Inc.
Christina,Johnson,christina.johnson475@outlook.com,(583) 382-9903,Five Choice Inc.
Sonya,Cook,sonya.cook89@gmail.com,(242) 415-4001,Any Present Ltd.
Jessica,Bailey,jessica.bailey68@outlook.com,(882) 327-4948,Our Own Group
Pamela,Ferguson,pamela.ferguson02@business.net,(763) 848-1469,Hear Simple Corp.
John,Kim,john.kim482@company.com,(985) 291-1121,Total Answer LLC
Bradley,Johnson,bradley.johnson97@gmail.com,(574) 740-6731,War Computer LLC
Michael,Cruz,michael.cruz11@company.com,(507) 219-7273,Notice Seek Technologies
Brian,Santana,brian.santana1852@gmail.com,(510) 526-4685,Election Region Technologies
Jesus,Stewart,jesus.stewart80@gmail.com,(666) 613-1478,Building Report Technologies
Kevin,Kerr,kevin.kerr45@business.net,(744) 598-6405,Agree Write Group
Robert,Villa,robert.villa204@gmail.com,(619) 833-2061,Whether Debate Group
Marie,Brown,marie.brown997@company.com,(581) 876-3479,Trade Interesting Technologies
Lisa,Brown,lisa.brown1951@company.com,(104) 203-8144,Little Little Inc.
Linda,Ray,linda.ray2697@gmail.com,(337) 178-7720,Source Seven Group
Tara,French,tara.french59@company.com,(327) 714-6927,Cultural Table Inc.
Michele,Johnson,michele.johnson6622@yahoo.com,(998) 118-2594,Bad Door Solutions
Crystal,Robertson,crystal.robertson2700@business.net,(179) 442-1364,Small Expert Inc.
Christopher,Clarke,christopher.clarke000@yahoo.com,(617) 327-5555,Compare Top Corp.
Brandi,Brown,brandi.brown1091@gmail.com,(343) 613-3994,Ready Staff Corp.
Eugene,Powell,eugene.powell690@outlook.com,(160) 801-4333,Laugh Term LLC
Benjamin,Nichols,benjamin.nichols843@outlook.com,(955) 503-8146,Role Person Corp.
Jeremy,Romero,jeremy.romero6213@outlook.com,(581) 260-1764,Way Near Group
Bryan,Powell,bryan.powell951@outlook.com,(532) 244-4322,Subject Sense Inc.
Loretta,Hess,loretta.hess3530@business.net,(317) 704-4561,House Would Ltd.
Candace,Rasmussen,candace.rasmussen1226@outlook.com,(137) 519-6400,Recognize Ok Inc.
Jessica,Ruiz,jessica.ruiz002@business.net,(255) 323-4520,Site Ready Group
Jennifer,Stewart,jennifer.stewart56@outlook.com,(736) 914-3137,Cut New Corp.
Erin,Campbell,erin.campbell0255@gmail.com,(381) 549-3761,In Each Solutions
Jessica,Mills,jessica.mills959@company.com,(929) 856-9547,Company Feeling Corp.
John,Coleman,john.coleman750@yahoo.com,(812) 541-8532,Pull Begin Ltd.
Lisa,Crosby,lisa.crosby9361@yahoo.com,(358) 760-8012,Student Ahead Ltd.
Lisa,Carney,lisa.carney522@yahoo.com,(762) 830-6850,Treat Trip Ltd.
Marc,Miller,marc.miller89@outlook.com,(325) 781-1504,Newspaper Heart Inc.
Elizabeth,Quinn,elizabeth.quinn6724@gmail.com,(433) 416-4089,Should Nearly Ltd.
Brian,Carter,brian.carter9785@company.com,(358) 815-5735,Government Choice Technologies
Joshua,Hernandez,joshua.hernandez734@gmail.com,(631) 702-3215,Gun Occur Ltd.
Theodore,Johnson,theodore.johnson9955@yahoo.com,(450) 381-1386,Cover Loss Ltd.
Karen,Bradley,karen.bradley816@gmail.com,(618) 379-9595,Should To Corp.
Penny,Smith,penny.smith17@yahoo.com,(689) 671-6069,Share Lot Technologies
Mark,Ellison,mark.ellison157@yahoo.com,(852) 519-8415,High Physical Group
Warren,Castillo,warren.castillo85@company.com,(376) 101-9649,Positive Situation Group
Carl,Smith,carl.smith19@outlook.com,(565) 923-2619,List Purpose Group
Ricky,Jones,ricky.jones3538@business.net,(698) 752-2957,Speak Course Group
Elizabeth,Allen,elizabeth.allen52@company.com,(522) 256-9961,Live Central Inc.
Cody,Anderson,cody.anderson2339@company.com,(454) 818-2778,Place Within Corp.
Rodney,Wallace,rodney.wallace92@company.com,(774) 681-9311,Floor Real Group
Sarah,Miller,sarah.miller069@gmail.com,(137) 857-1148,While Late Technologies
Alan,Thomas,alan.thomas085@company.com,(951) 139-5593,Might Resource Ltd.
Heather,Johnson,heather.johnson86@company.com,(314) 723-9614,Fact Assume Group
Tristan,Moore,tristan.moore8434@gmail.com,(745) 875-2894,Discuss And Group
Nathaniel,Mcknight,nathaniel.mcknight945@outlook.com,(846) 106-1919,Into Quickly Group
Rachel,Williams,rachel.williams49@yahoo.com,(989) 434-6376,Bar If LLC
Madison,King,madison.king9367@gmail.com,(405) 736-4163,Entire Recognize Corp.
Amy,Meyer,amy.meyer2474@company.com,(484) 627-8101,How Us Ltd.
Emily,Snyder,emily.snyder9935@yahoo.com,(204) 817-7169,Response Ability Technologies
Jason,Cummings,jason.cummings70@yahoo.com,(585) 311-2766,Certain Onto LLC
Daniel,Rich,daniel.rich489@gmail.com,(989) 812-5490,Actually Professional LLC
Kristina,Lambert,kristina.lambert1351@outlook.com,(732) 614-1366,Center Trouble LLC
Kimberly,Palmer,kimberly.palmer229@company.com,(282) 829-9904,Job Today Technologies
Patricia,Hickman,patricia.hickman355@outlook.com,(461) 361-8864,But Least Inc.
Donald,King,donald.king58@business.net,(353) 233-7052,Foreign Hand Solutions
Jeffrey,Cunningham,jeffrey.cunningham607@yahoo.com,(787) 519-3041,Nothing Research LLC
Andrew,Rice,andrew.rice29@yahoo.com,(664) 350-3091,Store Race Solutions
Lauren,Espinoza,lauren.espinoza748@yahoo.com,(374) 906-8066,Fire Wind Inc.
James,Hodge,james.hodge07@outlook.com,(969) 125-2639,Back Support Corp.
Mary,Wallace,mary.wallace864@business.net,(569) 555-9269,Author Gun Solutions
Amanda,Nunez,amanda.nunez36@gmail.com,(622) 413-3263,Really Thing Inc.
Jennifer,Vasquez,jennifer.vasquez52@gmail.com,(138) 942-3802,Data All Technologies
Sharon,Johnson,sharon.johnson153@company.com,(681) 819-5128,Whom Him LLC
Jimmy,Rivers,jimmy.rivers0737@yahoo.com,(306) 455-5998,Bag Position Solutions
William,Lynn,william.lynn874@yahoo.com,(779) 522-9256,Even Affect Group
Tasha,Martinez,tasha.martinez23@gmail.com,(130) 235-8070,Success Sometimes Group
Adam,Gomez,adam.gomez489@outlook.com,(887) 372-9538,Get Sister Ltd.
Katherine,Miller,katherine.miller900@outlook.com,(629) 676-9543,Set Push Group
Michele,Santiago,michele.santiago1834@yahoo.com,(287) 657-2858,Tax About Inc.
Debra,Green,debra.green014@gmail.com,(168) 877-3307,Ready Wind Group
Edward,Hayes,edward.hayes4631@business.net,(799) 405-5222,Model Want Corp.
Melissa,Walsh,melissa.walsh9749@business.net,(176) 949-5186,Stuff Rise LLC
Tammy,Avila,tammy.avila98@outlook.com,(135) 211-2921,Then Which LLC
Patrick,Johnson,patrick.johnson3806@gmail.com,(456) 655-9895,Region Join Solutions
Paul,Gray,paul.gray7623@outlook.com,(153) 967-1171,Prevent Religious LLC
Brent,Huff,brent.huff097@company.com,(370) 145-8218,Side Generation Solutions
Stacy,Gonzalez,stacy.gonzalez3399@outlook.com,(520) 519-1768,Very Really Solutions
James,Hall,james.hall8223@business.net,(582) 121-6120,Now College LLC
Brittney,Higgins,brittney.higgins504@yahoo.com,(379) 981-1722,War Child Solutions
Jerry,Cordova,jerry.cordova10@gmail.com,(990) 812-8688,Space Republican Inc.
Stephanie,Wells,stephanie.wells9007@business.net,(966) 395-6761,Word Middle Group
Joseph,Jones,joseph.jones08@yahoo.com,(238) 652-9739,Trial Factor Ltd.
Paul,Ray,paul.ray5717@business.net,(912) 901-8786,On Human Corp.
Tracey,Figueroa,tracey.figueroa810@business.net,(458) 701-6776,Above Treat Solutions
Justin,Austin,justin.austin2573@outlook.com,(279) 359-1507,Television Foreign Ltd.
Lori,Phillips,lori.phillips210@company.com,(668) 620-3804,Purpose Purpose Group
Kayla,Brown,kayla.brown36@outlook.com,(513) 704-4078,Fall Sense Group
Victor,Evans,victor.evans03@business.net,(811) 407-1700,Whose Statement Ltd.
Jeff,Shannon,jeff.shannon41@gmail.com,(923) 928-6714,On Window Group
Toni,Robinson,toni.robinson867@business.net,(527) 560-8913,Might Interest Ltd.
Jonathan,Miller,jonathan.miller375@company.com,(304) 757-9205,Find Tv Technologies
Chad,Mercado,chad.mercado8922@company.com,(233) 870-7737,Enough Too Ltd.
Sandra,Cummings,sandra.cummings3039@company.com,(113) 473-5092,Natural People Technologies
Jeffrey,Bolton,jeffrey.bolton0082@company.com,(408) 719-7483,Several And Inc.
Lance,Stewart,lance.stewart68@business.net,(807) 190-8702,Effect Happy Inc.
Carl,Jordan,carl.jordan162@gmail.com,(989) 937-8487,Value Soon Corp.
Ray,Brooks,ray.brooks1013@gmail.com,(813) 132-3436,Travel Somebody LLC
Cynthia,Goodman,cynthia.goodman74@yahoo.com,(446) 535-9346,Change Step Inc.
Seth,Pham,seth.pham65@outlook.com,(124) 720-4772,Care Analysis Corp.
Ashley,Davis,ashley.davis5992@business.net,(925) 146-6396,Focus Election Corp.
Alice,Gray,alice.gray1948@gmail.com,(696) 891-7395,Less Nice Corp.
Patrick,Gibbs,patrick.gibbs6296@company.com,(206) 270-7924,Sea Least Corp.
Gregory,Anderson,gregory.anderson37@outlook.com,(765) 660-5647,Interest That Ltd.
Michael,Miller,michael.miller803@company.com,(729) 785-8749,Age Environmental Corp.
Christopher,Smith,christopher.smith922@outlook.com,(133) 403-7976,Become Common Corp.
Cynthia,Burns,cynthia.burns07@gmail.com,(850) 233-1337,Group Animal Group
Julie,Armstrong,julie.armstrong7536@yahoo.com,(674) 522-3955,Force Every Group
Joseph,Moore,joseph.moore07@yahoo.com,(841) 538-5789,Attack Exist LLC
Ralph,Elliott,ralph.elliott9942@yahoo.com,(732) 314-8693,Some Safe Group
Joseph,Griffin,joseph.griffin852@business.net,(942) 519-5602,Computer Major Corp.
Kimberly,Walter,kimberly.walter66@company.com,(956) 793-5362,Better True Inc.
Karen,Rollins,karen.rollins4422@gmail.com,(396) 722-3681,Particular New Solutions
Zachary,Marsh,zachary.marsh261@outlook.com,(329) 518-7721,Research Find Technologies
Haley,Alvarez,haley.alvarez7662@outlook.com,(432) 354-6437,Wrong Listen Solutions
Christina,Rice,christina.rice3170@yahoo.com,(699) 437-5506,Use Some Inc.
Ann,Jackson,ann.jackson7218@outlook.com,(932) 850-5337,Third Know Inc.
Brenda,Spencer,brenda.spencer65@gmail.com,(851) 639-3458,Nice When Solutions
Jessica,Chen,jessica.chen45@business.net,(504) 118-4355,Point Capital Corp.
Matthew,Matthews,matthew.matthews311@company.com,(431) 949-6908,Sure Situation LLC
Crystal,Mcfarland,crystal.mcfarland305@business.net,(829) 309-4181,Show Reduce Ltd.
Jerry,Walker,jerry.walker1312@business.net,(464) 877-2159,Single Bad Technologies
Rebecca,Jones,rebecca.jones236@outlook.com,(179) 582-7094,Big Six Ltd.
Katherine,Matthews,katherine.matthews6939@outlook.com,(919) 109-7090,Art East Ltd.
Jake,Carr,jake.carr2531@gmail.com,(716) 718-5736,Discover Friend Technologies
Tammy,Garrett,tammy.garrett06@yahoo.com,(515) 396-8520,Program Large Corp.
John,Duran,john.duran326@gmail.com,(894) 502-1166,Over Business LLC
Anthony,Cunningham,anthony.cunningham81@company.com,(630) 155-2318,Eight Sport LLC
Ruth,Barnes,ruth.barnes77@company.com,(482) 859-3930,Present Choice Corp.
Michael,Fuller,michael.fuller1790@gmail.com,(974) 892-9027,Win Usually Inc.
Jennifer,Cummings,jennifer.cummings0677@business.net,(687) 134-3901,Site Push LLC
Juan,George,juan.george057@outlook.com,(760) 183-6921,Talk Far Inc.
Robert,Wells,robert.wells62@outlook.com,(159) 127-9209,Customer Town Solutions
Jose,Rogers,jose.rogers895@gmail.com,(794) 574-8957,Million Consumer LLC
Roger,Dodson,roger.dodson19@business.net,(806) 944-6099,Eight Study Inc.
Frederick,Ramos,frederick.ramos2157@yahoo.com,(599) 454-9357,Spend Citizen Group
Roger,Barton,roger.barton2775@yahoo.com,(248) 340-3782,Than Learn LLC
Lauren,Lopez,lauren.lopez046@outlook.com,(331) 585-7124,Another At Solutions
Thomas,Jones,thomas.jones417@gmail.com,(495) 444-9113,High I Corp.
Michelle,Ford,michelle.ford13@business.net,(452) 136-3377,Card You Solutions
Raymond,Greene,raymond.greene1242@gmail.com,(282) 131-1705,Necessary Also Group
James,Orr,james.orr267@yahoo.com,(508) 854-6269,Safe Similar LLC
Brandy,Hernandez,brandy.hernandez36@yahoo.com,(539) 574-6876,Include Ever LLC
Sherri,Martin,sherri.martin304@yahoo.com,(695) 696-1627,Knowledge Writer LLC
Curtis,Roberts,curtis.roberts0931@company.com,(289) 469-3792,Everyone Mother Inc.
Sierra,Burns,sierra.burns78@business.net,(757) 452-6060,Sell Important Group
Thomas,Brown,thomas.brown18@company.com,(852) 389-2385,Collection School Technologies
Jennifer,Bell,jennifer.bell9633@yahoo.com,(669) 148-4553,Reveal Bed Corp.
Brian,Ryan,brian.ryan9535@yahoo.com,(965) 146-3197,Else Person Group
Timothy,Woodward,timothy.woodward320@business.net,(774) 260-1697,Book Author Inc.
Dana,Davis,dana.davis388@gmail.com,(600) 866-8281,Say Pretty Ltd.
Leslie,Martinez,leslie.martinez39@business.net,(255) 820-5387,Vote Able Group
Keith,Drake,keith.drake7194@company.com,(142) 493-6022,Smile President Solutions
Sara,Reed,sara.reed67@gmail.com,(537) 509-3964,From Recently Solutions
Erica,Perez,erica.perez605@gmail.com,(322) 465-3909,Such Night Solutions
Bailey,Elliott,bailey.elliott8477@yahoo.com,(164) 723-4119,Long Standard Corp.
Aimee,Bautista,aimee.bautista668@business.net,(887) 460-7881,Minute Early Group
Brianna,Andrews,brianna.andrews605@outlook.com,(280) 188-5244,Better Seem Group
Reginald,Tucker,reginald.tucker617@company.com,(992) 630-7853,Do Sister Corp.
Nichole,Middleton,nichole.middleton6430@outlook.com,(541) 270-5985,Opportunity Animal Corp.
Pamela,Hogan,pamela.hogan93@business.net,(882) 686-6095,Top Gun Ltd.
Eric,Wells,eric.wells856@yahoo.com,(143) 652-9772,Mention Particularly Ltd.
Matthew,Yates,matthew.yates5715@yahoo.com,(656) 789-1197,Shake Family Corp.
Cynthia,Davis,cynthia.davis296@outlook.com,(191) 882-2988,Teach Military Group
Sharon,Bailey,sharon.bailey178@outlook.com,(296) 804-5651,Camera Yourself LLC
Jill,Mercer,jill.mercer6471@company.com,(584) 239-8328,And Account Inc.
Michelle,Smith,michelle.smith698@company.com,(235) 715-9220,Lay Policy LLC
Laura,Ruiz,laura.ruiz1944@outlook.com,(270) 828-9595,Budget Without Solutions
Roy,Hall,roy.hall54@gmail.com,(276) 690-1137,Enjoy Within Solutions
Tony,Gray,tony.gray855@business.net,(906) 101-3127,Role Keep Solutions
Wendy,Rubio,wendy.rubio43@yahoo.com,(657) 778-7311,Physical Almost Technologies
Richard,Richmond,richard.richmond3640@company.com,(503) 444-5250,North Anyone LLC
Patrick,Stanley,patrick.stanley006@gmail.com,(748) 382-2895,Body Nearly Ltd.
Wendy,Morales,wendy.morales935@company.com,(864) 550-5397,Country Enjoy Corp.
Kristen,Ortega,kristen.ortega5282@yahoo.com,(946) 927-1474,Dog Several Inc.
Michael,Hess,michael.hess1646@outlook.com,(242) 500-5583,Ever Soldier Technologies
Kelsey,Wood,kelsey.wood694@yahoo.com,(183) 568-5718,Pressure Believe Technologies
Bill,Houston,bill.houston1568@company.com,(350) 594-4198,Parent Investment Group
Margaret,Spencer,margaret.spencer743@business.net,(656) 325-3900,For Somebody Technologies
Luke,Mccarty,luke.mccarty89@company.com,(333) 714-8025,Yeah Must Solutions
Diana,Phillips,diana.phillips72@gmail.com,(982) 926-7081,Half Your Technologies
Sandra,Carr,sandra.carr95@gmail.com,(602) 866-6314,Require End LLC
Darlene,Orozco,darlene.orozco02@yahoo.com,(253) 361-5265,Thought Similar Ltd.
Dana,White,dana.white00@business.net,(707) 836-4466,Last Increase Inc.
Angela,Bowman,angela.bowman65@outlook.com,(590) 850-5632,Station Close Ltd.
Jeffrey,West,jeffrey.west47@outlook.com,(190) 329-9510,Those Address Ltd.
Michael,Hopkins,michael.hopkins8355@gmail.com,(118) 120-2859,Away Positive Corp.
Tami,Nguyen,tami.nguyen067@yahoo.com,(511) 722-8714,There Deal Solutions
Brad,Park,brad.park7724@outlook.com,(674) 768-7243,Often Whether LLC
Cindy,Torres,cindy.torres0571@yahoo.com,(646) 597-6271,Large Bit Corp.
Kyle,Hebert,kyle.hebert5192@gmail.com,(152) 661-9995,Above Detail Ltd.
Mary,Chang,mary.chang20@yahoo.com,(309) 360-8912,Though Short LLC
Tyler,Chapman,tyler.chapman33@outlook.com,(610) 908-1507,Guess Language Ltd.
Catherine,Crosby,catherine.crosby9239@business.net,(244) 486-8412,Black Hospital Solutions
Luis,Perry,luis.perry2919@business.net,(436) 152-5864,So Ask Group
Erik,Liu,erik.liu168@gmail.com,(928) 400-4838,Success Sport Technologies
Benjamin,Johnson,benjamin.johnson5459@business.net,(935) 684-7889,However Talk Solutions
John,Sanchez,john.sanchez9798@gmail.com,(654) 277-3728,East In Inc.
Nicholas,Brown,nicholas.brown662@business.net,(446) 513-9686,Write By Inc.
Cheryl,Green,cheryl.green62@gmail.com,(438) 565-6821,Structure Moment Corp.
John,Ritter,john.ritter083@business.net,(338) 131-7536,Can Back Group
Robert,Pitts,robert.pitts59@business.net,(606) 575-3561,Technology Them Inc.
Charles,Moore,charles.moore3344@business.net,(761) 333-6235,Join Positive LLC
Brian,Vasquez,brian.vasquez5097@gmail.com,(725) 351-5333,Huge South Inc.
Steven,Reid,steven.reid410@gmail.com,(803) 284-3854,Where Low LLC
Ryan,Moran,ryan.moran7106@gmail.com,(917) 188-1539,Law Down Technologies
Julia,Wood,julia.wood79@yahoo.com,(220) 607-2817,Start Real Corp.
Andrea,Davis,andrea.davis26@outlook.com,(765) 340-4587,Message Rest LLC
Lauren,Valdez,lauren.valdez55@gmail.com,(179) 926-2163,Population Product Ltd.
Amber,Cortez,amber.cortez996@company.com,(129) 751-7863,Treat Space Group
John,Velasquez,john.velasquez098@business.net,(356) 700-4012,Myself Public Inc.
Sarah,Young,sarah.young06@company.com,(383) 795-6170,Itself Information Technologies
Richard,Sullivan,richard.sullivan77@gmail.com,(554) 188-3840,Pick Order LLC
Gregory,Edwards,gregory.edwards84@yahoo.com,(699) 333-7482,Sense Structure Solutions
Theresa,Schwartz,theresa.schwartz6598@gmail.com,(906) 956-6886,Exist Explain Inc.
Rebecca,Keller,rebecca.keller30@yahoo.com,(423) 407-8447,Wonder Five Technologies
Matthew,Henderson,matthew.henderson843@gmail.com,(710) 675-4096,Pay Out Inc.
Gregory,Foley,gregory.foley913@company.com,(698) 726-8363,Democrat First Corp.
Nathan,Anderson,nathan.anderson999@company.com,(509) 343-7651,Bed Develop Technologies
Peter,Mathews,peter.mathews28@business.net,(218) 274-3641,Realize Those LLC
Charles,Jones,charles.jones28@outlook.com,(206) 337-7957,Report Member Solutions
Carrie,Cox,carrie.cox564@business.net,(640) 106-6432,Sound Finish Solutions
Chelsea,Robinson,chelsea.robinson775@gmail.com,(206) 723-7049,Management Of Corp.
Thomas,Willis,thomas.willis6030@gmail.com,(127) 128-8578,Brother Charge Technologies
Debbie,Davis,debbie.davis84@company.com,(898) 640-8925,Trade Season Solutions
Brittany,Frey,brittany.frey175@gmail.com,(855) 765-4164,Old Collection LLC
Janet,Cook,janet.cook0544@gmail.com,(526) 178-6105,Form Half Corp.
Nicholas,Vargas,nicholas.vargas4021@outlook.com,(962) 905-1820,Learn Trouble Corp.
Martin,Oliver,martin.oliver903@outlook.com,(128) 175-3110,Difference Lot Inc.
Joseph,Harris,joseph.harris82@company.com,(953) 542-9530,Where Stay Inc.
Allen,Morgan,allen.morgan44@yahoo.com,(810) 464-6397,Hope Suffer Technologies
Dustin,Wolf,dustin.wolf5074@outlook.com,(398) 974-9633,Find Side Technologies
Ashley,Compton,ashley.compton4777@yahoo.com,(565) 220-5165,Law My LLC
Martin,Jones,martin.jones78@business.net,(623) 383-2852,Form Election LLC
Deanna,Hanson,deanna.hanson13@business.net,(401) 990-6276,Rise Must Group
Helen,Dougherty,helen.dougherty35@company.com,(907) 533-3040,Health Would Inc.
Michael,Juarez,michael.juarez9487@gmail.com,(655) 947-1901,Foreign Chair Inc.
Michael,Wilcox,michael.wilcox471@gmail.com,(140) 836-2799,Standard Admit Ltd.
Melissa,Williams,melissa.williams450@company.com,(171) 855-8110,Save Hundred Inc.
Heidi,Patterson,heidi.patterson51@business.net,(501) 331-8321,Happy Event Corp.
Brandon,Reynolds,brandon.reynolds3176@company.com,(155) 277-5911,Reduce Ahead Ltd.
Michael,Durham,michael.durham27@gmail.com,(543) 730-7961,Include Newspaper Ltd.
Regina,Mccoy,regina.mccoy04@company.com,(760) 605-7605,Career Resource Ltd.
Daniel,Vega,daniel.vega980@outlook.com,(574) 634-6133,Run Able Ltd.
Eric,Bell,eric.bell769@gmail.com,(130) 683-5041,Can Project Inc.
Terri,Olson,terri.olson059@gmail.com,(728) 233-4248,Myself Stop Group
Anthony,Smith,anthony.smith5035@company.com,(386) 397-4240,Effort With Group
Charles,White,charles.white5507@gmail.com,(822) 360-9728,Look True Corp.
Rebecca,West,rebecca.west504@outlook.com,(970) 337-7050,Character Next Ltd.
Donald,Allen,donald.allen69@outlook.com,(742) 702-7744,Kind Law Inc.
Brittany,Abbott,brittany.abbott5227@gmail.com,(681) 567-3996,Else Leave Corp.
Stephanie,Lewis,stephanie.lewis188@yahoo.com,(764) 984-4082,Reality Really LLC
Timothy,Rangel,timothy.rangel656@company.com,(839) 786-4468,Free Sell Ltd.
Catherine,Taylor,catherine.taylor77@yahoo.com,(495) 727-3763,White Majority Technologies
Brandon,Wilson,brandon.wilson96@outlook.com,(878) 111-4465,Attorney Increase Corp.
Katherine,Hansen,katherine.hansen5257@outlook.com,(434) 206-6005,Allow Hundred Technologies
Kelly,Mccann,kelly.mccann9968@company.com,(493) 795-5296,Recently End LLC
Michael,Robinson,michael.robinson184@company.com,(967) 859-3458,Much Strong Technologies
Kimberly,Henderson,kimberly.henderson1229@business.net,(231) 969-2165,Enter Task Solutions
Erika,Sanchez,erika.sanchez4508@company.com,(663) 377-2507,Upon Change Inc.
Anne,Roberts,anne.roberts67@company.com,(641) 269-8523,Crime Kind LLC
Jaclyn,Ford,jaclyn.ford2581@business.net,(129) 145-6469,Along City Group
James,Greene,james.greene119@company.com,(501) 313-7763,Than Job Group
Katherine,Fitzgerald,katherine.fitzgerald85@outlook.com,(768) 637-4763,Trouble Recently Technologies
Natasha,Ellis,natasha.ellis2583@gmail.com,(910) 181-5846,Themselves Card Solutions
Craig,Bennett,craig.bennett708@gmail.com,(109) 285-5122,Subject Anything LLC
Melissa,Johnson,melissa.johnson7998@outlook.com,(843) 580-9296,Job Role Inc.
Amy,Miller,amy.miller11@business.net,(591) 895-8923,Investment Fine Ltd.
Steven,Green,steven.green03@yahoo.com,(472) 286-4288,How Rock Group
David,Morris,david.morris2966@gmail.com,(450) 712-4522,Both Gas Solutions
Michael,Green,michael.green026@gmail.com,(207) 237-8128,Mission Article Solutions
Teresa,Gillespie,teresa.gillespie6159@business.net,(401) 958-3960,Space Light Corp.
Jeanette,Ross,jeanette.ross65@gmail.com,(786) 727-5141,Open Building LLC
Mary,Mercado,mary.mercado136@yahoo.com,(465) 734-3576,Daughter Tree Corp.
Carol,Thompson,carol.thompson6718@gmail.com,(481) 924-9587,Remain Others Technologies
Caitlin,Elliott,caitlin.elliott801@outlook.com,(697) 501-1360,Half Very Technologies
Jennifer,Moore,jennifer.moore059@yahoo.com,(247) 394-6496,Help Drop Solutions
Wesley,Campbell,wesley.campbell68@company.com,(316) 624-2309,Situation Shoulder Ltd.
Erin,Bishop,erin.bishop85@yahoo.com,(509) 304-1794,Actually Event Corp.
Patricia,Bond,patricia.bond2394@gmail.com,(255) 734-9919,Ground Value Ltd.
Jason,Ross,jason.ross483@outlook.com,(168) 711-6347,Foreign Lose LLC
Jessica,Andrade,jessica.andrade3627@outlook.com,(747) 521-4206,Article Head Ltd.
Stephen,Stout,stephen.stout60@gmail.com,(634) 513-5209,Body Strategy Technologies
Jamie,Gilbert,jamie.gilbert7044@yahoo.com,(354) 432-8531,Push Eye Corp.
Tina,Harvey,tina.harvey9430@business.net,(634) 103-6474,Develop Throw Ltd.
Dustin,Pope,dustin.pope593@outlook.com,(315) 478-7409,Young Foreign Inc.
Theresa,Murphy,theresa.murphy127@yahoo.com,(277) 979-8095,Worker Ten Technologies
Kevin,Bush,kevin.bush415@outlook.com,(838) 179-2568,Pass Idea LLC
Melinda,Ochoa,melinda.ochoa19@outlook.com,(296) 322-5778,Think Challenge Technologies
Jack,Bowman,jack.bowman158@outlook.com,(390) 598-7067,Window That Group
Dawn,Jones,dawn.jones164@outlook.com,(129) 530-5636,Political Check LLC
Gregory,Mcgee,gregory.mcgee737@outlook.com,(311) 532-6452,Rock Law Group
Kathleen,Garcia,kathleen.garcia25@business.net,(964) 414-2170,Onto Exist Ltd.
Kayla,Bush,kayla.bush9348@yahoo.com,(745) 447-7201,Card Accept Solutions
Michelle,Melendez,michelle.melendez4207@outlook.com,(471) 418-3705,Why Too Group
Joshua,Johnson,joshua.johnson829@yahoo.com,(220) 160-5271,Feeling Reduce Solutions
Gary,Roy,gary.roy1012@outlook.com,(635) 287-5794,Speech Possible LLC
Jose,Phelps,jose.phelps620@outlook.com,(869) 521-8960,You Better Ltd.
Keith,Stafford,keith.stafford7465@gmail.com,(671) 903-5665,Mention Big Group
Elijah,Walker,elijah.walker94@outlook.com,(158) 596-6666,Remember Economic Inc.
Sylvia,Bridges,sylvia.bridges28@outlook.com,(837) 187-6674,Customer There Technologies
Cody,Lane,cody.lane777@outlook.com,(818) 152-9578,These Night Solutions
Christopher,Brown,christopher.brown58@yahoo.com,(798) 399-5766,Course Size Corp.
Jonathan,Jackson,jonathan.jackson9070@company.com,(956) 298-3395,Source Official Ltd.
Dennis,Wolf,dennis.wolf8091@business.net,(629) 306-6002,Both Mouth LLC
Heather,Buckley,heather.buckley5167@company.com,(338) 201-6004,Leave Top Corp.
David,Wiggins,david.wiggins60@gmail.com,(400) 719-3779,Pm Identify Solutions
Lucas,Pruitt,lucas.pruitt06@business.net,(342) 234-1101,Within Be Solutions
Amanda,Stewart,amanda.stewart241@yahoo.com,(527) 562-2682,Friend Thousand Corp.
Joshua,Stevenson,joshua.stevenson8391@yahoo.com,(858) 726-9803,Fish Front Technologies
Craig,Salazar,craig.salazar387@gmail.com,(188) 684-7114,Organization Right Inc.
Patrick,Rodriguez,patrick.rodriguez1310@outlook.com,(865) 565-9583,Everything Stock Ltd.
Anthony,Brooks,anthony.brooks33@gmail.com,(629) 939-2043,Unit Prove Inc.
Laura,Cruz,laura.cruz3729@gmail.com,(392) 998-6247,Difficult Management Corp.
Robert,Brandt,robert.brandt119@outlook.com,(673) 225-1697,So Position Group
Randall,Hernandez,randall.hernandez68@outlook.com,(631) 784-9340,Fish Everything Group
Kaylee,Martinez,kaylee.martinez776@gmail.com,(326) 972-6865,Race Outside Solutions
Travis,Brown,travis.brown54@business.net,(753) 722-6332,Know Because LLC
Jason,Bryant,jason.bryant4102@business.net,(413) 172-2832,Law Thought Ltd.
Jacqueline,Cook,jacqueline.cook471@business.net,(980) 933-8440,Leader Current Solutions
Eric,Stanley,eric.stanley8566@yahoo.com,(117) 785-2994,And Series Group
Megan,Tran,megan.tran079@yahoo.com,(683) 732-4524,Instead Team Corp.
Jessica,Taylor,jessica.taylor0520@outlook.com,(150) 974-9635,Usually Billion Group
Pamela,Howard,pamela.howard66@yahoo.com,(272) 154-7552,Central And Technologies
Javier,Jones,javier.jones5710@business.net,(326) 627-3393,Husband Five LLC
Erin,Walsh,erin.walsh81@business.net,(268) 997-6521,Popular Water LLC
Christopher,Davis,christopher.davis1248@business.net,(352) 861-2876,Collection Red Corp.
Courtney,Richard,courtney.richard3624@company.com,(365) 279-1209,Country Small Inc.
Douglas,Soto,douglas.soto951@gmail.com,(329) 671-2119,Court This Group
Teresa,Martin,teresa.martin412@company.com,(773) 626-7730,While American LLC
Matthew,Dunn,matthew.dunn64@business.net,(827) 181-2531,Rule Read Group
Laura,Foley,laura.foley0245@gmail.com,(701) 778-2613,Tree Rate LLC
Diane,Thomas,diane.thomas788@company.com,(202) 127-4769,Soon Water Ltd.
Dean,Gregory,dean.gregory92@yahoo.com,(459) 730-6666,Age For LLC
Kevin,Travis,kevin.travis634@business.net,(902) 898-8378,Hear Pattern Technologies
Bruce,Kane,bruce.kane578@gmail.com,(651) 145-7921,Kitchen Move Group
James,Rose,james.rose885@company.com,(216) 202-2322,Focus Total Ltd.
Matthew,Grimes,matthew.grimes909@gmail.com,(535) 223-6087,Minute Eat Corp.
Heather,Ochoa,heather.ochoa766@yahoo.com,(563) 805-9112,Economy Increase Ltd.
Mariah,Case,mariah.case72@company.com,(261) 646-8182,International Alone Corp.
Andre,Hernandez,andre.hernandez216@outlook.com,(557) 944-4719,Recent Seven Corp.
Timothy,Richardson,timothy.richardson86@business.net,(602) 869-3609,Cover Kid Technologies
Sarah,Mason,sarah.mason3669@company.com,(304) 889-8039,Book Change Solutions
Toni,Wilcox,toni.wilcox6871@business.net,(127) 238-6637,Anyone Figure Solutions
Monique,Zimmerman,monique.zimmerman0181@gmail.com,(388) 474-6731,Final Address LLC
Jeremy,Lee,jeremy.lee370@outlook.com,(478) 160-5372,Care Contain Inc.
Levi,Farmer,levi.farmer84@outlook.com,(849) 188-3464,Discover Positive Technologies
Carrie,Young,carrie.young679@yahoo.com,(443) 561-7931,Run Factor Technologies
Elijah,Crawford,elijah.crawford3349@company.com,(955) 820-6629,Realize Strong Ltd.
Joseph,Sanchez,joseph.sanchez733@business.net,(346) 960-1402,However Poor Corp.
Thomas,Lee,thomas.lee033@company.com,(956) 497-2653,Sing Partner Inc.
Joshua,Simmons,joshua.simmons6106@outlook.com,(665) 715-8687,Always Class Group
Shelly,Miller,shelly.miller730@company.com,(351) 991-6449,Right Recent Solutions
Lindsay,Marshall,lindsay.marshall324@outlook.com,(933) 301-5433,His Tell Corp.
Amanda,Crawford,amanda.crawford106@company.com,(565) 266-1924,Congress Difficult Ltd.
Anthony,Reed,anthony.reed96@business.net,(241) 455-1221,Simple Senior LLC
George,Elliott,george.elliott50@company.com,(214) 848-2347,Painting Life Technologies
Linda,Dawson,linda.dawson7505@yahoo.com,(398) 195-2471,Energy Seven Inc.
Jeremy,Aguilar,jeremy.aguilar3663@gmail.com,(361) 883-8920,Nation Media Solutions
Mary,Lowe,mary.lowe114@business.net,(998) 441-5732,Book In Technologies
Angela,Douglas,angela.douglas2421@yahoo.com,(792) 734-3725,Listen Scientist Group
Rebecca,Payne,rebecca.payne6692@business.net,(548) 798-1482,Much Task Group
Mandy,Wright,mandy.wright3271@company.com,(322) 223-8769,Member Side Group
Whitney,Edwards,whitney.edwards31@gmail.com,(655) 583-6453,They Floor Ltd.
Timothy,Blake,timothy.blake6433@yahoo.com,(233) 680-8307,Least Their LLC
Erica,Sanchez,erica.sanchez01@company.com,(756) 759-3008,Draw Wide Group
Joshua,Martinez,joshua.martinez1753@business.net,(795) 740-7587,Special None Inc.
Amanda,King,amanda.king895@yahoo.com,(258) 724-4883,Seven Bill Technologies
Stephen,Hickman,stephen.hickman890@gmail.com,(846) 910-2525,Expert Letter Solutions
Jacob,Lyons,jacob.lyons8370@gmail.com,(998) 830-3233,Machine How LLC
Jennifer,Prince,jennifer.prince95@gmail.com,(308) 532-5203,Certainly Play Group
Valerie,Morris,valerie.morris9714@gmail.com,(115) 595-6680,Send Stock Corp.
David,Flynn,david.flynn05@company.com,(598) 172-3228,Radio Near Technologies
Stacy,Vega,stacy.vega4659@outlook.com,(935) 977-7660,Deep Subject Group
Lisa,Lewis,lisa.lewis68@business.net,(821) 445-1640,Whole Technology Technologies
James,Cooper,james.cooper6635@company.com,(656) 397-4671,Century Guess Inc.
Mark,Wells,mark.wells85@business.net,(971) 240-5264,Him Important Technologies
Beth,Williams,beth.williams40@outlook.com,(350) 996-5472,Spring Threat Inc.
Patrick,Nelson,patrick.nelson2872@outlook.com,(110) 621-2614,Shake Bank Group
Penny,Pollard,penny.pollard84@company.com,(535) 593-4762,Bank Always Inc.
Aaron,Cunningham,aaron.cunningham4788@outlook.com,(277) 212-8569,Morning Western Ltd.
Jon,Crawford,jon.crawford4172@yahoo.com,(823) 734-8244,Reality Grow LLC
Shane,Winters,shane.winters11@company.com,(105) 175-7709,Method Benefit Solutions
Gerald,Anderson,gerald.anderson30@outlook.com,(437) 214-4007,Federal World Technologies
Anthony,Cochran,anthony.cochran700@yahoo.com,(261) 140-5065,Finish Offer Inc.
Bryan,Davis,bryan.davis9128@yahoo.com,(776) 413-6794,Conference Argue LLC
Tiffany,Smith,tiffany.smith99@gmail.com,(616) 300-7464,Low Great Corp.
Judy,Castillo,judy.castillo7458@gmail.com,(680) 619-8135,Worry Tv Ltd.
Brittany,Wade,brittany.wade06@business.net,(282) 560-4225,Foot Table Technologies
Timothy,Sutton,timothy.sutton44@yahoo.com,(905) 819-9378,Yourself Down Inc.
Stacey,Mendoza,stacey.mendoza8020@yahoo.com,(882) 387-3504,Pattern Her LLC
Matthew,Blackwell,matthew.blackwell941@gmail.com,(366) 794-6552,A Drive Technologies
Jocelyn,Baldwin,jocelyn.baldwin2527@outlook.com,(865) 946-1277,Save Class Inc.
Andrew,Simmons,andrew.simmons529@gmail.com,(242) 432-1254,Community Tell Technologies
Terry,Mcgrath,terry.mcgrath40@business.net,(754) 132-5521,Create Admit Corp.
Amy,Williams,amy.williams81@gmail.com,(669) 783-1939,Do Particularly Corp.
Wendy,Jackson,wendy.jackson9944@gmail.com,(158) 467-5396,Chance Hope Group
Linda,Phillips,linda.phillips935@company.com,(551) 217-3542,Reveal Tend Inc.
Todd,Mayo,todd.mayo93@outlook.com,(525) 135-6868,Choice Fine Technologies
Brian,Brown,brian.brown237@gmail.com,(213) 338-6835,Four Especially LLC
Brian,Marquez,brian.marquez287@yahoo.com,(528) 290-3521,Civil None LLC
Kenneth,Roth,kenneth.roth79@outlook.com,(545) 849-3723,Foot Feel Group
Michael,Bryant,michael.bryant7332@yahoo.com,(936) 592-2920,Fire Continue Inc.
Diana,Walsh,diana.walsh5048@yahoo.com,(105) 211-6674,Speak Deal LLC
Sarah,Williams,sarah.williams712@company.com,(415) 368-5234,True Raise Technologies
Annette,White,annette.white21@company.com,(145) 547-4463,Each Project Corp.
Reginald,Underwood,reginald.underwood16@gmail.com,(820) 718-8632,Voice Example Group
Mary,Morris,mary.morris377@company.com,(594) 610-1361,Ten Fight Ltd.
Anna,Mccarthy,anna.mccarthy989@company.com,(348) 642-3879,Common Manage Technologies
Amanda,Gonzalez,amanda.gonzalez30@gmail.com,(884) 800-1306,Few Attorney Solutions
Stephen,Lopez,stephen.lopez154@gmail.com,(623) 107-2509,Able Set Solutions
Natalie,Ray,natalie.ray552@yahoo.com,(849) 700-7368,Read Firm Solutions
Elizabeth,Castillo,elizabeth.castillo2675@business.net,(613) 798-1425,Series Western Group
Kevin,Joseph,kevin.joseph65@business.net,(836) 254-8337,Indicate Forward Inc.
Deanna,Rivera,deanna.rivera5216@gmail.com,(684) 521-8469,Watch Bit Group
Mike,Stewart,mike.stewart7632@outlook.com,(500) 501-5721,Participant Page Technologies
John,Edwards,john.edwards8270@yahoo.com,(842) 313-7904,Set Walk Inc.
Rebecca,Cruz,rebecca.cruz18@company.com,(825) 158-9278,Group Prove Ltd.
Denise,Montoya,denise.montoya35@company.com,(716) 265-6557,Job Care Solutions
Julie,Carter,julie.carter399@business.net,(634) 278-1490,Unit Yes LLC
Eric,Knapp,eric.knapp605@company.com,(658) 432-5860,Travel Morning Group
Michele,Chavez,michele.chavez732@business.net,(391) 128-1146,Different Simply Solutions
Theresa,Glover,theresa.glover201@company.com,(289) 512-7047,Ground Decade Inc.
Hunter,Lawrence,hunter.lawrence7487@yahoo.com,(515) 715-6719,Their Daughter Technologies
Angela,Williams,angela.williams662@gmail.com,(414) 555-7630,Difficult Rise Ltd.
Mandy,Green,mandy.green37@business.net,(160) 208-9611,Size Wrong Group
Nichole,Tucker,nichole.tucker7851@gmail.com,(677) 883-5502,Class Mention LLC
Christopher,Conley,christopher.conley87@business.net,(810) 163-7983,Final Bad Technologies
Daniel,Tucker,daniel.tucker654@yahoo.com,(278) 823-6307,Each His Corp.
Lucas,Burns,lucas.burns0202@outlook.com,(666) 921-2532,Before Range Group
Ethan,Bush,ethan.bush02@gmail.com,(904) 332-6003,Show System LLC
David,Bennett,david.bennett7719@gmail.com,(807) 795-8344,Catch Everyone Inc.
Anthony,Russell,anthony.russell063@yahoo.com,(791) 372-6940,Conference Project Group
Michele,Peck,michele.peck418@outlook.com,(505) 900-5223,Station Near Inc.
Crystal,Best,crystal.best803@outlook.com,(673) 798-2886,Parent Theory LLC
Kathy,Mahoney,kathy.mahoney584@company.com,(223) 185-4327,Oil Meeting Group
Tiffany,Franklin,tiffany.franklin79@yahoo.com,(656) 837-2879,Consumer Catch Technologies
Brenda,Smith,brenda.smith7001@yahoo.com,(963) 765-9915,Wish Prove Ltd.
Thomas,Williams,thomas.williams3020@gmail.com,(829) 267-3418,Today Good Technologies
John,Herrera,john.herrera946@gmail.com,(722) 491-2156,Get Population Group
Timothy,Stephens,timothy.stephens6839@business.net,(310) 454-2085,Growth Theory Inc.
Kevin,Conley,kevin.conley473@business.net,(906) 397-2593,Under Mrs Inc.
Keith,Tanner,keith.tanner75@business.net,(514) 558-3688,Business That Technologies
Mark,Smith,mark.smith1319@gmail.com,(806) 264-4227,Data Recently Solutions
Thomas,Juarez,thomas.juarez351@yahoo.com,(868) 376-8308,Than Television Group
Claudia,Thompson,claudia.thompson1530@yahoo.com,(387) 347-8117,Democratic Attorney Solutions
Amber,Clay,amber.clay374@outlook.com,(202) 685-8080,Front Present Group
Luis,Brewer,luis.brewer0406@company.com,(815) 817-7643,Ahead Firm LLC
Thomas,Cooper,thomas.cooper24@yahoo.com,(254) 101-6715,They Law Solutions
Rebecca,Lang,rebecca.lang60@business.net,(827) 607-9875,Thing Night Solutions
Matthew,Pearson,matthew.pearson697@company.com,(789) 109-7762,Mr A LLC
Ashlee,Cox,ashlee.cox294@gmail.com,(324) 509-5708,Budget Training Group
Angela,Mckee,angela.mckee02@gmail.com,(206) 496-4770,Share Partner Solutions
Mario,Long,mario.long6410@business.net,(598) 602-9263,Also Boy Ltd.
Alison,Smith,alison.smith36@company.com,(569) 486-3222,Manager Into Group
Patrick,Moss,patrick.moss56@company.com,(195) 169-7785,Save Method Corp.
Kelly,Kennedy,kelly.kennedy43@gmail.com,(401) 454-5963,Work Them Technologies
Evan,Washington,evan.washington62@business.net,(967) 496-1479,Company Perhaps Technologies
Christopher,Fowler,christopher.fowler30@gmail.com,(585) 683-2773,Imagine Ground Technologies
Marie,Brown,marie.brown997@company.com,(741) 611-8178,Speech Design Group
Regina,Li,regina.li99@gmail.com,(802) 216-4283,Compare Save Technologies
John,Mccall,john.mccall2043@gmail.com,(626) 625-8193,Herself Senior Corp.
Dana,Prince,dana.prince0656@business.net,(279) 555-7391,Six Instead Technologies
Jill,Lawson,jill.lawson21@business.net,(188) 818-7574,Next Exist Corp.
Peter,Schaefer,peter.schaefer245@business.net,(957) 120-2751,Dinner Evidence Solutions
Nicole,Marshall,nicole.marshall350@outlook.com,(781) 147-1780,Above Father Group
Levi,Lambert,levi.lambert5413@company.com,(728) 797-6546,Carry Character Technologies
Christian,Dunlap,christian.dunlap938@company.com,(748) 643-5084,Out Compare LLC
Sophia,Hamilton,sophia.hamilton453@business.net,(501) 280-1512,Field From Ltd.
Ashley,Morris,ashley.morris9826@yahoo.com,(458) 652-6984,Able Might Inc.
Aaron,Robinson,aaron.robinson23@yahoo.com,(860) 477-6967,Owner Report Group
Brian,Roberts,brian.roberts148@yahoo.com,(658) 846-3726,Himself Piece Technologies
Danielle,Fowler,danielle.fowler19@company.com,(668) 813-9924,Wide Wait Group
Christopher,Thomas,christopher.thomas1222@gmail.com,(907) 213-7423,Use Enjoy LLC
Brandon,Ingram,brandon.ingram157@gmail.com,(836) 937-7305,None Owner LLC
Morgan,Church,morgan.church7013@business.net,(406) 285-5123,Purpose Support Ltd.
Jessica,Johnson,jessica.johnson93@outlook.com,(340) 749-4538,Camera Current LLC
Carrie,Williams,carrie.williams38@gmail.com,(220) 712-6178,Successful Position Inc.
Patrick,Smith,patrick.smith6516@yahoo.com,(328) 816-9590,Five At Ltd.
Anthony,Small,anthony.small4387@business.net,(326) 219-9901,They Four LLC
Laura,Martin,laura.martin29@company.com,(829) 989-7142,Level Face Corp.
Joan,Mcintyre,joan.mcintyre26@outlook.com,(224) 645-8242,And Each Technologies
Elizabeth,Washington,elizabeth.washington47@yahoo.com,(179) 560-7420,Movement Individual Solutions
Gregory,Smith,gregory.smith2839@yahoo.com,(623) 456-4185,Traditional Production Ltd.
Amanda,Cox,amanda.cox71@yahoo.com,(199) 659-9247,Organization Other Group
Christine,Russell,christine.russell45@yahoo.com,(487) 649-4904,Son Guess Solutions
Donald,Morgan,donald.morgan033@business.net,(714) 759-3943,Indicate Explain Group
Denise,Cowan,denise.cowan456@outlook.com,(924) 757-3908,Whatever Suggest Ltd.
Michael,Chen,michael.chen585@outlook.com,(953) 287-3606,Little Treatment Technologies
Lucas,Lyons,lucas.lyons8114@business.net,(333) 278-2635,Truth Defense Ltd.
Larry,Riley,larry.riley385@company.com,(813) 996-3973,Picture Ago Ltd.
Amanda,Reed,amanda.reed096@outlook.com,(262) 907-2214,Suffer By LLC
Debbie,Cross,debbie.cross58@yahoo.com,(419) 534-8452,Present Last Inc.
Rebecca,Barton,rebecca.barton553@business.net,(577) 744-1650,As Experience Ltd.
Nicholas,Higgins,nicholas.higgins440@company.com,(179) 458-7201,Something Body Ltd.
Stephanie,Zimmerman,stephanie.zimmerman8434@company.com,(550) 490-1205,Station During Group
Susan,Hicks,susan.hicks17@outlook.com,(167) 105-8232,Here Director Ltd.
Caleb,Roberts,caleb.roberts08@company.com,(814) 752-2068,Camera Kitchen Corp.
Jenna,White,jenna.white334@company.com,(407) 394-7976,Forward Themselves LLC
Mason,Parker,mason.parker935@outlook.com,(961) 749-5348,How Grow Inc.
Dustin,Garcia,dustin.garcia32@business.net,(587) 580-6538,Music Fund Group
Aaron,Pope,aaron.pope75@outlook.com,(665) 758-6346,Score Month LLC
Henry,Lopez,henry.lopez1589@outlook.com,(929) 584-7530,Benefit Professor Technologies
Maria,Bullock,maria.bullock90@yahoo.com,(478) 674-4056,However Huge Inc.
Angela,Fuller,angela.fuller794@yahoo.com,(358) 895-8210,Most Daughter Group
Kimberly,Sexton,kimberly.sexton99@yahoo.com,(287) 487-1223,Herself Prove Group
Jennifer,Brown,jennifer.brown726@business.net,(981) 549-5408,Author Stay Technologies
Devon,Dickson,devon.dickson415@outlook.com,(457) 609-1039,Item Girl Solutions
Elizabeth,Martin,elizabeth.martin205@business.net,(462) 420-7537,Fast Anyone Solutions
Courtney,Hughes,courtney.hughes2627@gmail.com,(444) 280-4029,Mother Sense Solutions
Jesse,Franco,jesse.franco61@outlook.com,(574) 417-3492,Skin Include Solutions
Jennifer,Miller,jennifer.miller90@outlook.com,(474) 878-5740,Pick Say LLC
Julie,Davis,julie.davis7855@company.com,(971) 660-4929,Certain Finally Technologies
Faith,Patterson,faith.patterson03@outlook.com,(703) 964-6048,Arm Consider Solutions
Kenneth,Mason,kenneth.mason9879@gmail.com,(807) 739-6059,Bit That Inc.
Erin,Rogers,erin.rogers6759@yahoo.com,(429) 582-4644,Level Tell Inc.
Ashley,Morris,ashley.morris9826@yahoo.com,(623) 721-5541,Able Might Inc.
Marcia,Carney,marcia.carney1961@company.com,(203) 164-2163,Born Night Group
Randy,Stone,randy.stone4059@yahoo.com,(495) 970-9843,Use Class Ltd.
Donald,Sharp,donald.sharp17@yahoo.com,(513) 322-1603,Adult Show Technologies
Brandy,Brown,brandy.brown479@company.com,(832) 425-1518,Occur Half Inc.
Eric,Green,eric.green53@outlook.com,(548) 673-1265,Soon Change Solutions
Daniel,Mullins,daniel.mullins10@business.net,(530) 150-6912,Evening Walk Solutions
James,Rose,james.rose885@company.com,(328) 113-4427,Focus Total Ltd.
Megan,King,megan.king20@gmail.com,(923) 645-5201,Authority Civil Inc.
Thomas,Miller,thomas.miller606@outlook.com,(516) 407-5940,End Data Solutions
Mario,Sanders,mario.sanders1433@outlook.com,(234) 460-4920,Sell Teach Corp.
Michael,Rice,michael.rice5417@yahoo.com,(680) 242-9499,Resource Often Ltd.
Kristen,Wright,kristen.wright43@business.net,(147) 330-4919,Know Bar Ltd.
Misty,Day,misty.day072@company.com,(331) 177-1004,Beat Whole Inc.
Maxwell,Perkins,maxwell.perkins13@yahoo.com,(320) 998-3007,Sense Begin Technologies
David,Day,david.day327@outlook.com,(583) 726-4193,Deep Sea Group
Joseph,Rodriguez,joseph.rodriguez99@yahoo.com,(490) 592-2946,Senior Thus Group
Jeremiah,Henderson,jeremiah.henderson735@outlook.com,(790) 699-1277,Interesting Method Solutions
Tiffany,Franklin,tiffany.franklin79@yahoo.com,(656) 837-2879,Consumer Catch Technologies
Traci,Garza,traci.garza20@outlook.com,(581) 252-5470,Majority Message Group
Jacob,Bennett,jacob.bennett0371@business.net,(923) 802-9751,End Air LLC
Sonia,Bishop,sonia.bishop653@gmail.com,(323) 111-2934,Hair Specific LLC
Lindsey,Combs,lindsey.combs88@gmail.com,(791) 321-7708,Cell Member Corp.
Dustin,Pope,dustin.pope593@outlook.com,(883) 430-5009,Young Foreign Inc.
Anthony,Mullen,anthony.mullen35@business.net,(579) 878-9554,Various Ask Technologies
David,Ellis,david.ellis9255@yahoo.com,(557) 356-1580,Mother This Technologies
Jamie,Martin,jamie.martin95@outlook.com,(250) 173-7722,Major Store Ltd.
Carol,Barnes,carol.barnes00@business.net,(950) 188-2578,Various Computer Solutions
Mark,Robinson,mark.robinson39@outlook.com,(436) 188-5161,Top Let Inc.
Janet,Mcdonald,janet.mcdonald0867@business.net,(462) 556-3562,Interview Situation Ltd.
Sandra,Garcia,sandra.garcia09@gmail.com,(128) 573-4252,Me Happy Technologies
Laura,Browning,laura.browning6392@company.com,(698) 172-6047,Reason Six Solutions
Kristen,Johnson,kristen.johnson342@outlook.com,(779) 915-2887,Candidate Check Inc.
Donald,Terry,donald.terry165@gmail.com,(434) 613-9466,North Know Technologies
Albert,Park,albert.park5997@yahoo.com,(457) 127-6317,Network Nor Technologies
Joshua,King,joshua.king109@gmail.com,(328) 756-1531,Evidence Box Solutions
Leslie,Pitts,leslie.pitts00@gmail.com,(923) 769-5436,Start Door LLC
Leah,Robinson,leah.robinson843@company.com,(205) 349-7824,Know Report Group
Kevin,Bush,kevin.bush415@outlook.com,(386) 389-1294,Pass Idea LLC
Michael,Patterson,michael.patterson2175@business.net,(568) 659-4927,I Morning LLC
Andrew,Carrillo,andrew.carrillo3341@outlook.com,(264) 751-6315,Bit Something Technologies
Jeffrey,Morris,jeffrey.morris52@business.net,(361) 578-8405,Beat World Corp.
Ashley,Miller,ashley.miller3620@outlook.com,(728) 501-7242,Nice Dark Technologies
Christopher,Rodriguez,christopher.rodriguez6000@company.com,(355) 589-5308,Onto Class Group
Diane,Wolfe,diane.wolfe7357@business.net,(480) 586-9150,Point South LLC
Blake,Odonnell,blake.odonnell56@company.com,(184) 314-2304,Cause Strategy Ltd.
Robert,Ryan,robert.ryan442@company.com,(869) 633-1480,Fact Learn Ltd.
Christian,Lynch,christian.lynch648@outlook.com,(959) 618-6396,Policy Peace Corp.
William,Nguyen,william.nguyen0796@outlook.com,(368) 271-9488,West Tough LLC
Diana,Gallagher,diana.gallagher462@yahoo.com,(469) 648-5596,Myself Month LLC
Derek,Vargas,derek.vargas92@gmail.com,(671) 903-4334,Well Suffer LLC
Megan,Brown,megan.brown816@yahoo.com,(600) 591-2492,Bring All Technologies
Javier,Barnett,javier.barnett6563@outlook.com,(169) 132-9175,Responsibility Later Inc.
Deanna,Howard,deanna.howard78@yahoo.com,(919) 981-2593,Base Work Ltd.
Edward,Hanson,edward.hanson617@yahoo.com,(689) 553-2204,Month Your Technologies
Lindsey,Smith,lindsey.smith516@outlook.com,(131) 316-9515,Natural News Technologies
Robert,Simmons,robert.simmons910@company.com,(418) 523-8632,Choose Popular Technologies
Russell,Harris,russell.harris3319@business.net,(308) 447-1776,Western Turn Corp.
Elijah,Wheeler,elijah.wheeler3962@company.com,(252) 210-5561,Week Interview Technologies
Robert,King,robert.king37@outlook.com,(260) 996-6089,A Draw Solutions
Stephanie,Wolf,stephanie.wolf38@yahoo.com,(522) 636-9481,Special Which Inc.
Cindy,Bennett,cindy.bennett45@gmail.com,(180) 370-5928,Capital Wrong Solutions
Derrick,Hunt,derrick.hunt1007@gmail.com,(219) 716-8738,Pass Her LLC
Nicole,Harper,nicole.harper277@business.net,(706) 549-9282,Himself Everything Corp.
Lisa,Ramos,lisa.ramos16@business.net,(309) 442-6009,Stop Herself Group
Theodore,Carter,theodore.carter173@business.net,(520) 682-9510,Debate Smile Corp.
Pamela,Green,pamela.green480@business.net,(628) 368-3900,Item Spend Group
Mark,Rodriguez,mark.rodriguez75@outlook.com,(287) 220-1637,Own Debate Ltd.
David,Alvarez,david.alvarez980@company.com,(670) 427-2323,As Coach Inc.
Sandra,Jacobs,sandra.jacobs678@gmail.com,(281) 183-2394,Nice Science Solutions
Kathy,Mahoney,kathy.mahoney584@company.com,(223) 185-4327,Oil Meeting Group
Hector,Davis,hector.davis488@business.net,(728) 560-6631,Nice Expect Solutions
Monica,Madden,monica.madden50@yahoo.com,(972) 514-7164,Kitchen Old LLC
Kayla,Smith,kayla.smith9034@yahoo.com,(144) 124-3377,Traditional Charge Group
Amy,Montgomery,amy.montgomery41@yahoo.com,(786) 325-1932,Far Onto LLC
Robert,Weaver,robert.weaver6454@yahoo.com,(294) 967-3537,Truth Debate Group
